-- phpMyAdmin SQL Dump
-- version 4.7.7
-- https://www.phpmyadmin.net/
--
-- Host: 127.0.0.1
-- Generation Time: Nov 27, 2019 at 10:34 PM
-- Server version: 10.1.30-MariaDB
-- PHP Version: 7.2.2

SET SQL_MODE = "NO_AUTO_VALUE_ON_ZERO";
SET AUTOCOMMIT = 0;
START TRANSACTION;
SET time_zone = "+00:00";


/*!40101 SET @OLD_CHARACTER_SET_CLIENT=@@CHARACTER_SET_CLIENT */;
/*!40101 SET @OLD_CHARACTER_SET_RESULTS=@@CHARACTER_SET_RESULTS */;
/*!40101 SET @OLD_COLLATION_CONNECTION=@@COLLATION_CONNECTION */;
/*!40101 SET NAMES utf8mb4 */;

--
-- Database: `inkbox`
--

-- --------------------------------------------------------

--
-- Table structure for table `migrations`
--

CREATE TABLE `migrations` (
  `id` int(10) UNSIGNED NOT NULL,
  `migration` varchar(255) COLLATE utf8mb4_unicode_ci NOT NULL,
  `batch` int(11) NOT NULL
) ENGINE=InnoDB DEFAULT CHARSET=utf8mb4 COLLATE=utf8mb4_unicode_ci;

-- --------------------------------------------------------

--
-- Table structure for table `orders`
--

CREATE TABLE `orders` (
  `order_id` bigint(20) UNSIGNED NOT NULL,
  `order_number` bigint(20) UNSIGNED NOT NULL,
  `customer_id` bigint(20) UNSIGNED DEFAULT NULL,
  `total_price` float DEFAULT '0',
  `fulfillment_status` varchar(25) COLLATE utf8_unicode_ci DEFAULT NULL,
  `fulfilled_date` timestamp NULL DEFAULT NULL,
  `order_status` enum('pending','active','done','cancelled','resend') COLLATE utf8_unicode_ci DEFAULT NULL,
  `customer_order_count` int(11) DEFAULT NULL,
  `created_at` timestamp NULL DEFAULT CURRENT_TIMESTAMP,
  `updated_at` timestamp NOT NULL DEFAULT CURRENT_TIMESTAMP ON UPDATE CURRENT_TIMESTAMP
) ENGINE=InnoDB DEFAULT CHARSET=utf8 COLLATE=utf8_unicode_ci;

--
-- Dumping data for table `orders`
--

INSERT INTO `orders` (`order_id`, `order_number`, `customer_id`, `total_price`, `fulfillment_status`, `fulfilled_date`, `order_status`, `customer_order_count`, `created_at`, `updated_at`) VALUES
(1, 1000, 1, 20, 'Awaiting Shipment', NULL, 'active', 1, '2019-11-27 21:31:15', '2019-11-27 21:31:15'),
(2, 1001, 1, 20, 'Awaiting Shipment', NULL, 'active', 1, '2019-11-27 21:31:15', '2019-11-27 21:31:15'),
(3, 1002, 1, 20, 'Awaiting Shipment', NULL, 'active', 1, '2019-11-27 21:31:15', '2019-11-27 21:31:15'),
(4, 1003, 1, 20, 'Awaiting Shipment', NULL, 'active', 1, '2019-11-27 21:31:15', '2019-11-27 21:31:15'),
(5, 1004, 1, 20, 'Awaiting Shipment', NULL, 'active', 1, '2019-11-27 21:31:15', '2019-11-27 21:31:15'),
(6, 1005, 1, 20, 'Awaiting Shipment', NULL, 'active', 1, '2019-11-27 21:31:15', '2019-11-27 21:31:15'),
(7, 1006, 1, 20, 'Awaiting Shipment', NULL, 'active', 1, '2019-11-27 21:31:15', '2019-11-27 21:31:15'),
(8, 1007, 1, 20, 'Awaiting Shipment', NULL, 'active', 1, '2019-11-27 21:31:15', '2019-11-27 21:31:15'),
(9, 1008, 1, 20, 'Awaiting Shipment', NULL, 'active', 1, '2019-11-27 21:31:15', '2019-11-27 21:31:15'),
(10, 1009, 1, 20, 'Awaiting Shipment', NULL, 'active', 1, '2019-11-27 21:31:15', '2019-11-27 21:31:15'),
(11, 1010, 1, 20, 'Awaiting Shipment', NULL, 'active', 1, '2019-11-27 21:31:15', '2019-11-27 21:31:15'),
(12, 1011, 1, 20, 'Awaiting Shipment', NULL, 'active', 1, '2019-11-27 21:31:15', '2019-11-27 21:31:15'),
(13, 1012, 1, 20, 'Awaiting Shipment', NULL, 'active', 1, '2019-11-27 21:31:15', '2019-11-27 21:31:15'),
(14, 1013, 1, 20, 'Awaiting Shipment', NULL, 'active', 1, '2019-11-27 21:31:15', '2019-11-27 21:31:15'),
(15, 1014, 1, 20, 'Awaiting Shipment', NULL, 'active', 1, '2019-11-27 21:31:15', '2019-11-27 21:31:15'),
(16, 1015, 1, 20, 'Awaiting Shipment', NULL, 'active', 1, '2019-11-27 21:31:15', '2019-11-27 21:31:15'),
(17, 1016, 1, 20, 'Awaiting Shipment', NULL, 'active', 1, '2019-11-27 21:31:15', '2019-11-27 21:31:15'),
(18, 1017, 1, 20, 'Awaiting Shipment', NULL, 'active', 1, '2019-11-27 21:31:15', '2019-11-27 21:31:15'),
(19, 1018, 1, 20, 'Awaiting Shipment', NULL, 'active', 1, '2019-11-27 21:31:15', '2019-11-27 21:31:15'),
(20, 1019, 1, 20, 'Awaiting Shipment', NULL, 'active', 1, '2019-11-27 21:31:15', '2019-11-27 21:31:15'),
(21, 1020, 1, 20, 'Awaiting Shipment', NULL, 'active', 1, '2019-11-27 21:31:15', '2019-11-27 21:31:15'),
(22, 1021, 1, 20, 'Awaiting Shipment', NULL, 'active', 1, '2019-11-27 21:31:15', '2019-11-27 21:31:15'),
(23, 1022, 1, 20, 'Awaiting Shipment', NULL, 'active', 1, '2019-11-27 21:31:15', '2019-11-27 21:31:15'),
(24, 1023, 1, 20, 'Awaiting Shipment', NULL, 'active', 1, '2019-11-27 21:31:15', '2019-11-27 21:31:15'),
(25, 1024, 1, 20, 'Awaiting Shipment', NULL, 'active', 1, '2019-11-27 21:31:15', '2019-11-27 21:31:15'),
(26, 1025, 1, 20, 'Awaiting Shipment', NULL, 'active', 1, '2019-11-27 21:31:15', '2019-11-27 21:31:15'),
(27, 1026, 1, 20, 'Awaiting Shipment', NULL, 'active', 1, '2019-11-27 21:31:15', '2019-11-27 21:31:15'),
(28, 1027, 1, 20, 'Awaiting Shipment', NULL, 'active', 1, '2019-11-27 21:31:15', '2019-11-27 21:31:15'),
(29, 1028, 1, 20, 'Awaiting Shipment', NULL, 'active', 1, '2019-11-27 21:31:15', '2019-11-27 21:31:15'),
(30, 1029, 1, 20, 'Awaiting Shipment', NULL, 'active', 1, '2019-11-27 21:31:15', '2019-11-27 21:31:15'),
(31, 1030, 1, 20, 'Awaiting Shipment', NULL, 'active', 1, '2019-11-27 21:31:15', '2019-11-27 21:31:15'),
(32, 1031, 1, 20, 'Awaiting Shipment', NULL, 'active', 1, '2019-11-27 21:31:15', '2019-11-27 21:31:15'),
(33, 1032, 1, 20, 'Awaiting Shipment', NULL, 'active', 1, '2019-11-27 21:31:15', '2019-11-27 21:31:15'),
(34, 1033, 1, 20, 'Awaiting Shipment', NULL, 'active', 1, '2019-11-27 21:31:15', '2019-11-27 21:31:15'),
(35, 1034, 1, 20, 'Awaiting Shipment', NULL, 'active', 1, '2019-11-27 21:31:15', '2019-11-27 21:31:15'),
(36, 1035, 1, 20, 'Awaiting Shipment', NULL, 'active', 1, '2019-11-27 21:31:15', '2019-11-27 21:31:15'),
(37, 1036, 1, 20, 'Awaiting Shipment', NULL, 'active', 1, '2019-11-27 21:31:15', '2019-11-27 21:31:15'),
(38, 1037, 1, 20, 'Awaiting Shipment', NULL, 'active', 1, '2019-11-27 21:31:15', '2019-11-27 21:31:15'),
(39, 1038, 1, 20, 'Awaiting Shipment', NULL, 'active', 1, '2019-11-27 21:31:15', '2019-11-27 21:31:15'),
(40, 1039, 1, 20, 'Awaiting Shipment', NULL, 'active', 1, '2019-11-27 21:31:15', '2019-11-27 21:31:15'),
(41, 1040, 1, 20, 'Awaiting Shipment', NULL, 'active', 1, '2019-11-27 21:31:15', '2019-11-27 21:31:15'),
(42, 1041, 1, 20, 'Awaiting Shipment', NULL, 'active', 1, '2019-11-27 21:31:15', '2019-11-27 21:31:15'),
(43, 1042, 1, 20, 'Awaiting Shipment', NULL, 'active', 1, '2019-11-27 21:31:15', '2019-11-27 21:31:15'),
(44, 1043, 1, 20, 'Awaiting Shipment', NULL, 'active', 1, '2019-11-27 21:31:15', '2019-11-27 21:31:15'),
(45, 1044, 1, 20, 'Awaiting Shipment', NULL, 'active', 1, '2019-11-27 21:31:15', '2019-11-27 21:31:15'),
(46, 1045, 1, 20, 'Awaiting Shipment', NULL, 'active', 1, '2019-11-27 21:31:15', '2019-11-27 21:31:15'),
(47, 1046, 1, 20, 'Awaiting Shipment', NULL, 'active', 1, '2019-11-27 21:31:15', '2019-11-27 21:31:15'),
(48, 1047, 1, 20, 'Awaiting Shipment', NULL, 'active', 1, '2019-11-27 21:31:15', '2019-11-27 21:31:15'),
(49, 1048, 1, 20, 'Awaiting Shipment', NULL, 'active', 1, '2019-11-27 21:31:15', '2019-11-27 21:31:15'),
(50, 1049, 1, 20, 'Awaiting Shipment', NULL, 'active', 1, '2019-11-27 21:31:15', '2019-11-27 21:31:15'),
(51, 1050, 1, 20, 'Awaiting Shipment', NULL, 'active', 1, '2019-11-27 21:31:15', '2019-11-27 21:31:15'),
(52, 1051, 1, 20, 'Awaiting Shipment', NULL, 'active', 1, '2019-11-27 21:31:15', '2019-11-27 21:31:15'),
(53, 1052, 1, 20, 'Awaiting Shipment', NULL, 'active', 1, '2019-11-27 21:31:15', '2019-11-27 21:31:15'),
(54, 1053, 1, 20, 'Awaiting Shipment', NULL, 'active', 1, '2019-11-27 21:31:15', '2019-11-27 21:31:15'),
(55, 1054, 1, 20, 'Awaiting Shipment', NULL, 'active', 1, '2019-11-27 21:31:15', '2019-11-27 21:31:15'),
(56, 1055, 1, 20, 'Awaiting Shipment', NULL, 'active', 1, '2019-11-27 21:31:15', '2019-11-27 21:31:15'),
(57, 1056, 1, 20, 'Awaiting Shipment', NULL, 'active', 1, '2019-11-27 21:31:15', '2019-11-27 21:31:15'),
(58, 1057, 1, 20, 'Awaiting Shipment', NULL, 'active', 1, '2019-11-27 21:31:15', '2019-11-27 21:31:15'),
(59, 1058, 1, 20, 'Awaiting Shipment', NULL, 'active', 1, '2019-11-27 21:31:15', '2019-11-27 21:31:15'),
(60, 1059, 1, 20, 'Awaiting Shipment', NULL, 'active', 1, '2019-11-27 21:31:15', '2019-11-27 21:31:15'),
(61, 1060, 1, 20, 'Awaiting Shipment', NULL, 'active', 1, '2019-11-27 21:31:15', '2019-11-27 21:31:15'),
(62, 1061, 1, 20, 'Awaiting Shipment', NULL, 'active', 1, '2019-11-27 21:31:15', '2019-11-27 21:31:15'),
(63, 1062, 1, 20, 'Awaiting Shipment', NULL, 'active', 1, '2019-11-27 21:31:15', '2019-11-27 21:31:15'),
(64, 1063, 1, 20, 'Awaiting Shipment', NULL, 'active', 1, '2019-11-27 21:31:15', '2019-11-27 21:31:15'),
(65, 1064, 1, 20, 'Awaiting Shipment', NULL, 'active', 1, '2019-11-27 21:31:15', '2019-11-27 21:31:15'),
(66, 1065, 1, 20, 'Awaiting Shipment', NULL, 'active', 1, '2019-11-27 21:31:15', '2019-11-27 21:31:15'),
(67, 1066, 1, 20, 'Awaiting Shipment', NULL, 'active', 1, '2019-11-27 21:31:15', '2019-11-27 21:31:15'),
(68, 1067, 1, 20, 'Awaiting Shipment', NULL, 'active', 1, '2019-11-27 21:31:15', '2019-11-27 21:31:15'),
(69, 1068, 1, 20, 'Awaiting Shipment', NULL, 'active', 1, '2019-11-27 21:31:15', '2019-11-27 21:31:15'),
(70, 1069, 1, 20, 'Awaiting Shipment', NULL, 'active', 1, '2019-11-27 21:31:15', '2019-11-27 21:31:15'),
(71, 1070, 1, 20, 'Awaiting Shipment', NULL, 'active', 1, '2019-11-27 21:31:15', '2019-11-27 21:31:15'),
(72, 1071, 1, 20, 'Awaiting Shipment', NULL, 'active', 1, '2019-11-27 21:31:15', '2019-11-27 21:31:15'),
(73, 1072, 1, 20, 'Awaiting Shipment', NULL, 'active', 1, '2019-11-27 21:31:15', '2019-11-27 21:31:15'),
(74, 1073, 1, 20, 'Awaiting Shipment', NULL, 'active', 1, '2019-11-27 21:31:15', '2019-11-27 21:31:15'),
(75, 1074, 1, 20, 'Awaiting Shipment', NULL, 'active', 1, '2019-11-27 21:31:15', '2019-11-27 21:31:15'),
(76, 1075, 1, 20, 'Awaiting Shipment', NULL, 'active', 1, '2019-11-27 21:31:15', '2019-11-27 21:31:15'),
(77, 1076, 1, 20, 'Awaiting Shipment', NULL, 'active', 1, '2019-11-27 21:31:15', '2019-11-27 21:31:15'),
(78, 1077, 1, 20, 'Awaiting Shipment', NULL, 'active', 1, '2019-11-27 21:31:15', '2019-11-27 21:31:15'),
(79, 1078, 1, 20, 'Awaiting Shipment', NULL, 'active', 1, '2019-11-27 21:31:15', '2019-11-27 21:31:15'),
(80, 1079, 1, 20, 'Awaiting Shipment', NULL, 'active', 1, '2019-11-27 21:31:15', '2019-11-27 21:31:15'),
(81, 1080, 1, 20, 'Awaiting Shipment', NULL, 'active', 1, '2019-11-27 21:31:15', '2019-11-27 21:31:15'),
(82, 1081, 1, 20, 'Awaiting Shipment', NULL, 'active', 1, '2019-11-27 21:31:15', '2019-11-27 21:31:15'),
(83, 1082, 1, 20, 'Awaiting Shipment', NULL, 'active', 1, '2019-11-27 21:31:15', '2019-11-27 21:31:15'),
(84, 1083, 1, 20, 'Awaiting Shipment', NULL, 'active', 1, '2019-11-27 21:31:15', '2019-11-27 21:31:15'),
(85, 1084, 1, 20, 'Awaiting Shipment', NULL, 'active', 1, '2019-11-27 21:31:15', '2019-11-27 21:31:15'),
(86, 1085, 1, 20, 'Awaiting Shipment', NULL, 'active', 1, '2019-11-27 21:31:15', '2019-11-27 21:31:15'),
(87, 1086, 1, 20, 'Awaiting Shipment', NULL, 'active', 1, '2019-11-27 21:31:15', '2019-11-27 21:31:15'),
(88, 1087, 1, 20, 'Awaiting Shipment', NULL, 'active', 1, '2019-11-27 21:31:15', '2019-11-27 21:31:15'),
(89, 1088, 1, 20, 'Awaiting Shipment', NULL, 'active', 1, '2019-11-27 21:31:15', '2019-11-27 21:31:15'),
(90, 1089, 1, 20, 'Awaiting Shipment', NULL, 'active', 1, '2019-11-27 21:31:15', '2019-11-27 21:31:15'),
(91, 1090, 1, 20, 'Awaiting Shipment', NULL, 'active', 1, '2019-11-27 21:31:15', '2019-11-27 21:31:15'),
(92, 1091, 1, 20, 'Awaiting Shipment', NULL, 'active', 1, '2019-11-27 21:31:15', '2019-11-27 21:31:15'),
(93, 1092, 1, 20, 'Awaiting Shipment', NULL, 'active', 1, '2019-11-27 21:31:15', '2019-11-27 21:31:15'),
(94, 1093, 1, 20, 'Awaiting Shipment', NULL, 'active', 1, '2019-11-27 21:31:15', '2019-11-27 21:31:15'),
(95, 1094, 1, 20, 'Awaiting Shipment', NULL, 'active', 1, '2019-11-27 21:31:15', '2019-11-27 21:31:15'),
(96, 1095, 1, 20, 'Awaiting Shipment', NULL, 'active', 1, '2019-11-27 21:31:15', '2019-11-27 21:31:15'),
(97, 1096, 1, 20, 'Awaiting Shipment', NULL, 'active', 1, '2019-11-27 21:31:15', '2019-11-27 21:31:15'),
(98, 1097, 1, 20, 'Awaiting Shipment', NULL, 'active', 1, '2019-11-27 21:31:15', '2019-11-27 21:31:15'),
(99, 1098, 1, 20, 'Awaiting Shipment', NULL, 'active', 1, '2019-11-27 21:31:15', '2019-11-27 21:31:15'),
(100, 1099, 1, 20, 'Awaiting Shipment', NULL, 'active', 1, '2019-11-27 21:31:15', '2019-11-27 21:31:15'),
(101, 1100, 1, 20, 'Awaiting Shipment', NULL, 'active', 1, '2019-11-27 21:31:15', '2019-11-27 21:31:15'),
(102, 1101, 1, 20, 'Awaiting Shipment', NULL, 'active', 1, '2019-11-27 21:31:15', '2019-11-27 21:31:15'),
(103, 1102, 1, 20, 'Awaiting Shipment', NULL, 'active', 1, '2019-11-27 21:31:15', '2019-11-27 21:31:15'),
(104, 1103, 1, 20, 'Awaiting Shipment', NULL, 'active', 1, '2019-11-27 21:31:15', '2019-11-27 21:31:15'),
(105, 1104, 1, 20, 'Awaiting Shipment', NULL, 'active', 1, '2019-11-27 21:31:15', '2019-11-27 21:31:15'),
(106, 1105, 1, 20, 'Awaiting Shipment', NULL, 'active', 1, '2019-11-27 21:31:15', '2019-11-27 21:31:15'),
(107, 1106, 1, 20, 'Awaiting Shipment', NULL, 'active', 1, '2019-11-27 21:31:15', '2019-11-27 21:31:15'),
(108, 1107, 1, 20, 'Awaiting Shipment', NULL, 'active', 1, '2019-11-27 21:31:15', '2019-11-27 21:31:15'),
(109, 1108, 1, 20, 'Awaiting Shipment', NULL, 'active', 1, '2019-11-27 21:31:15', '2019-11-27 21:31:15'),
(110, 1109, 1, 20, 'Awaiting Shipment', NULL, 'active', 1, '2019-11-27 21:31:15', '2019-11-27 21:31:15'),
(111, 1110, 1, 20, 'Awaiting Shipment', NULL, 'active', 1, '2019-11-27 21:31:15', '2019-11-27 21:31:15'),
(112, 1111, 1, 20, 'Awaiting Shipment', NULL, 'active', 1, '2019-11-27 21:31:15', '2019-11-27 21:31:15'),
(113, 1112, 1, 20, 'Awaiting Shipment', NULL, 'active', 1, '2019-11-27 21:31:15', '2019-11-27 21:31:15'),
(114, 1113, 1, 20, 'Awaiting Shipment', NULL, 'active', 1, '2019-11-27 21:31:15', '2019-11-27 21:31:15'),
(115, 1114, 1, 20, 'Awaiting Shipment', NULL, 'active', 1, '2019-11-27 21:31:15', '2019-11-27 21:31:15'),
(116, 1115, 1, 20, 'Awaiting Shipment', NULL, 'active', 1, '2019-11-27 21:31:15', '2019-11-27 21:31:15'),
(117, 1116, 1, 20, 'Awaiting Shipment', NULL, 'active', 1, '2019-11-27 21:31:15', '2019-11-27 21:31:15'),
(118, 1117, 1, 20, 'Awaiting Shipment', NULL, 'active', 1, '2019-11-27 21:31:15', '2019-11-27 21:31:15'),
(119, 1118, 1, 20, 'Awaiting Shipment', NULL, 'active', 1, '2019-11-27 21:31:15', '2019-11-27 21:31:15'),
(120, 1119, 1, 20, 'Awaiting Shipment', NULL, 'active', 1, '2019-11-27 21:31:15', '2019-11-27 21:31:15'),
(121, 1120, 1, 20, 'Awaiting Shipment', NULL, 'active', 1, '2019-11-27 21:31:15', '2019-11-27 21:31:15'),
(122, 1121, 1, 20, 'Awaiting Shipment', NULL, 'active', 1, '2019-11-27 21:31:15', '2019-11-27 21:31:15'),
(123, 1122, 1, 20, 'Awaiting Shipment', NULL, 'active', 1, '2019-11-27 21:31:15', '2019-11-27 21:31:15'),
(124, 1123, 1, 20, 'Awaiting Shipment', NULL, 'active', 1, '2019-11-27 21:31:15', '2019-11-27 21:31:15'),
(125, 1124, 1, 20, 'Awaiting Shipment', NULL, 'active', 1, '2019-11-27 21:31:15', '2019-11-27 21:31:15'),
(126, 1125, 1, 20, 'Awaiting Shipment', NULL, 'active', 1, '2019-11-27 21:31:15', '2019-11-27 21:31:15'),
(127, 1126, 1, 20, 'Awaiting Shipment', NULL, 'active', 1, '2019-11-27 21:31:15', '2019-11-27 21:31:15'),
(128, 1127, 1, 20, 'Awaiting Shipment', NULL, 'active', 1, '2019-11-27 21:31:15', '2019-11-27 21:31:15'),
(129, 1128, 1, 20, 'Awaiting Shipment', NULL, 'active', 1, '2019-11-27 21:31:15', '2019-11-27 21:31:15'),
(130, 1129, 1, 20, 'Awaiting Shipment', NULL, 'active', 1, '2019-11-27 21:31:15', '2019-11-27 21:31:15'),
(131, 1130, 1, 20, 'Awaiting Shipment', NULL, 'active', 1, '2019-11-27 21:31:15', '2019-11-27 21:31:15'),
(132, 1131, 1, 20, 'Awaiting Shipment', NULL, 'active', 1, '2019-11-27 21:31:15', '2019-11-27 21:31:15'),
(133, 1132, 1, 20, 'Awaiting Shipment', NULL, 'active', 1, '2019-11-27 21:31:15', '2019-11-27 21:31:15'),
(134, 1133, 1, 20, 'Awaiting Shipment', NULL, 'active', 1, '2019-11-27 21:31:15', '2019-11-27 21:31:15'),
(135, 1134, 1, 20, 'Awaiting Shipment', NULL, 'active', 1, '2019-11-27 21:31:15', '2019-11-27 21:31:15'),
(136, 1135, 1, 20, 'Awaiting Shipment', NULL, 'active', 1, '2019-11-27 21:31:15', '2019-11-27 21:31:15'),
(137, 1136, 1, 20, 'Awaiting Shipment', NULL, 'active', 1, '2019-11-27 21:31:15', '2019-11-27 21:31:15'),
(138, 1137, 1, 20, 'Awaiting Shipment', NULL, 'active', 1, '2019-11-27 21:31:15', '2019-11-27 21:31:15'),
(139, 1138, 1, 20, 'Awaiting Shipment', NULL, 'active', 1, '2019-11-27 21:31:15', '2019-11-27 21:31:15'),
(140, 1139, 1, 20, 'Awaiting Shipment', NULL, 'active', 1, '2019-11-27 21:31:15', '2019-11-27 21:31:15'),
(141, 1140, 1, 20, 'Awaiting Shipment', NULL, 'active', 1, '2019-11-27 21:31:15', '2019-11-27 21:31:15'),
(142, 1141, 1, 20, 'Awaiting Shipment', NULL, 'active', 1, '2019-11-27 21:31:15', '2019-11-27 21:31:15'),
(143, 1142, 1, 20, 'Awaiting Shipment', NULL, 'active', 1, '2019-11-27 21:31:15', '2019-11-27 21:31:15'),
(144, 1143, 1, 20, 'Awaiting Shipment', NULL, 'active', 1, '2019-11-27 21:31:15', '2019-11-27 21:31:15'),
(145, 1144, 1, 20, 'Awaiting Shipment', NULL, 'active', 1, '2019-11-27 21:31:15', '2019-11-27 21:31:15'),
(146, 1145, 1, 20, 'Awaiting Shipment', NULL, 'active', 1, '2019-11-27 21:31:15', '2019-11-27 21:31:15'),
(147, 1146, 1, 20, 'Awaiting Shipment', NULL, 'active', 1, '2019-11-27 21:31:15', '2019-11-27 21:31:15'),
(148, 1147, 1, 20, 'Awaiting Shipment', NULL, 'active', 1, '2019-11-27 21:31:15', '2019-11-27 21:31:15'),
(149, 1148, 1, 20, 'Awaiting Shipment', NULL, 'active', 1, '2019-11-27 21:31:15', '2019-11-27 21:31:15'),
(150, 1149, 1, 20, 'Awaiting Shipment', NULL, 'active', 1, '2019-11-27 21:31:15', '2019-11-27 21:31:15'),
(151, 1150, 1, 20, 'Awaiting Shipment', NULL, 'active', 1, '2019-11-27 21:31:15', '2019-11-27 21:31:15'),
(152, 1151, 1, 20, 'Awaiting Shipment', NULL, 'active', 1, '2019-11-27 21:31:15', '2019-11-27 21:31:15'),
(153, 1152, 1, 20, 'Awaiting Shipment', NULL, 'active', 1, '2019-11-27 21:31:15', '2019-11-27 21:31:15'),
(154, 1153, 1, 20, 'Awaiting Shipment', NULL, 'active', 1, '2019-11-27 21:31:15', '2019-11-27 21:31:15'),
(155, 1154, 1, 20, 'Awaiting Shipment', NULL, 'active', 1, '2019-11-27 21:31:15', '2019-11-27 21:31:15'),
(156, 1155, 1, 20, 'Awaiting Shipment', NULL, 'active', 1, '2019-11-27 21:31:15', '2019-11-27 21:31:15'),
(157, 1156, 1, 20, 'Awaiting Shipment', NULL, 'active', 1, '2019-11-27 21:31:15', '2019-11-27 21:31:15'),
(158, 1157, 1, 20, 'Awaiting Shipment', NULL, 'active', 1, '2019-11-27 21:31:15', '2019-11-27 21:31:15'),
(159, 1158, 1, 20, 'Awaiting Shipment', NULL, 'active', 1, '2019-11-27 21:31:15', '2019-11-27 21:31:15'),
(160, 1159, 1, 20, 'Awaiting Shipment', NULL, 'active', 1, '2019-11-27 21:31:15', '2019-11-27 21:31:15'),
(161, 1160, 1, 20, 'Awaiting Shipment', NULL, 'active', 1, '2019-11-27 21:31:15', '2019-11-27 21:31:15'),
(162, 1161, 1, 20, 'Awaiting Shipment', NULL, 'active', 1, '2019-11-27 21:31:15', '2019-11-27 21:31:15'),
(163, 1162, 1, 20, 'Awaiting Shipment', NULL, 'active', 1, '2019-11-27 21:31:15', '2019-11-27 21:31:15'),
(164, 1163, 1, 20, 'Awaiting Shipment', NULL, 'active', 1, '2019-11-27 21:31:15', '2019-11-27 21:31:15'),
(165, 1164, 1, 20, 'Awaiting Shipment', NULL, 'active', 1, '2019-11-27 21:31:15', '2019-11-27 21:31:15'),
(166, 1165, 1, 20, 'Awaiting Shipment', NULL, 'active', 1, '2019-11-27 21:31:15', '2019-11-27 21:31:15'),
(167, 1166, 1, 20, 'Awaiting Shipment', NULL, 'active', 1, '2019-11-27 21:31:15', '2019-11-27 21:31:15'),
(168, 1167, 1, 20, 'Awaiting Shipment', NULL, 'active', 1, '2019-11-27 21:31:15', '2019-11-27 21:31:15'),
(169, 1168, 1, 20, 'Awaiting Shipment', NULL, 'active', 1, '2019-11-27 21:31:15', '2019-11-27 21:31:15'),
(170, 1169, 1, 20, 'Awaiting Shipment', NULL, 'active', 1, '2019-11-27 21:31:15', '2019-11-27 21:31:15'),
(171, 1170, 1, 20, 'Awaiting Shipment', NULL, 'active', 1, '2019-11-27 21:31:15', '2019-11-27 21:31:15'),
(172, 1171, 1, 20, 'Awaiting Shipment', NULL, 'active', 1, '2019-11-27 21:31:15', '2019-11-27 21:31:15'),
(173, 1172, 1, 20, 'Awaiting Shipment', NULL, 'active', 1, '2019-11-27 21:31:15', '2019-11-27 21:31:15'),
(174, 1173, 1, 20, 'Awaiting Shipment', NULL, 'active', 1, '2019-11-27 21:31:15', '2019-11-27 21:31:15'),
(175, 1174, 1, 20, 'Awaiting Shipment', NULL, 'active', 1, '2019-11-27 21:31:15', '2019-11-27 21:31:15'),
(176, 1175, 1, 20, 'Awaiting Shipment', NULL, 'active', 1, '2019-11-27 21:31:15', '2019-11-27 21:31:15'),
(177, 1176, 1, 20, 'Awaiting Shipment', NULL, 'active', 1, '2019-11-27 21:31:15', '2019-11-27 21:31:15'),
(178, 1177, 1, 20, 'Awaiting Shipment', NULL, 'active', 1, '2019-11-27 21:31:15', '2019-11-27 21:31:15'),
(179, 1178, 1, 20, 'Awaiting Shipment', NULL, 'active', 1, '2019-11-27 21:31:15', '2019-11-27 21:31:15'),
(180, 1179, 1, 20, 'Awaiting Shipment', NULL, 'active', 1, '2019-11-27 21:31:15', '2019-11-27 21:31:15'),
(181, 1180, 1, 20, 'Awaiting Shipment', NULL, 'active', 1, '2019-11-27 21:31:15', '2019-11-27 21:31:15'),
(182, 1181, 1, 20, 'Awaiting Shipment', NULL, 'active', 1, '2019-11-27 21:31:15', '2019-11-27 21:31:15'),
(183, 1182, 1, 20, 'Awaiting Shipment', NULL, 'active', 1, '2019-11-27 21:31:15', '2019-11-27 21:31:15'),
(184, 1183, 1, 20, 'Awaiting Shipment', NULL, 'active', 1, '2019-11-27 21:31:15', '2019-11-27 21:31:15'),
(185, 1184, 1, 20, 'Awaiting Shipment', NULL, 'active', 1, '2019-11-27 21:31:15', '2019-11-27 21:31:15'),
(186, 1185, 1, 20, 'Awaiting Shipment', NULL, 'active', 1, '2019-11-27 21:31:15', '2019-11-27 21:31:15'),
(187, 1186, 1, 20, 'Awaiting Shipment', NULL, 'active', 1, '2019-11-27 21:31:15', '2019-11-27 21:31:15'),
(188, 1187, 1, 20, 'Awaiting Shipment', NULL, 'active', 1, '2019-11-27 21:31:15', '2019-11-27 21:31:15'),
(189, 1188, 1, 20, 'Awaiting Shipment', NULL, 'active', 1, '2019-11-27 21:31:15', '2019-11-27 21:31:15'),
(190, 1189, 1, 20, 'Awaiting Shipment', NULL, 'active', 1, '2019-11-27 21:31:15', '2019-11-27 21:31:15'),
(191, 1190, 1, 20, 'Awaiting Shipment', NULL, 'active', 1, '2019-11-27 21:31:15', '2019-11-27 21:31:15'),
(192, 1191, 1, 20, 'Awaiting Shipment', NULL, 'active', 1, '2019-11-27 21:31:15', '2019-11-27 21:31:15'),
(193, 1192, 1, 20, 'Awaiting Shipment', NULL, 'active', 1, '2019-11-27 21:31:15', '2019-11-27 21:31:15'),
(194, 1193, 1, 20, 'Awaiting Shipment', NULL, 'active', 1, '2019-11-27 21:31:15', '2019-11-27 21:31:15'),
(195, 1194, 1, 20, 'Awaiting Shipment', NULL, 'active', 1, '2019-11-27 21:31:15', '2019-11-27 21:31:15'),
(196, 1195, 1, 20, 'Awaiting Shipment', NULL, 'active', 1, '2019-11-27 21:31:15', '2019-11-27 21:31:15'),
(197, 1196, 1, 20, 'Awaiting Shipment', NULL, 'active', 1, '2019-11-27 21:31:15', '2019-11-27 21:31:15'),
(198, 1197, 1, 20, 'Awaiting Shipment', NULL, 'active', 1, '2019-11-27 21:31:15', '2019-11-27 21:31:15'),
(199, 1198, 1, 20, 'Awaiting Shipment', NULL, 'active', 1, '2019-11-27 21:31:15', '2019-11-27 21:31:15'),
(200, 1199, 1, 20, 'Awaiting Shipment', NULL, 'active', 1, '2019-11-27 21:31:15', '2019-11-27 21:31:15');

-- --------------------------------------------------------

--
-- Table structure for table `orders.backup`
--

CREATE TABLE `orders.backup` (
  `order_id` bigint(20) UNSIGNED NOT NULL,
  `order_number` bigint(20) UNSIGNED NOT NULL,
  `customer_id` bigint(20) UNSIGNED DEFAULT NULL,
  `total_price` float DEFAULT '0',
  `fulfillment_status` varchar(25) COLLATE utf8_unicode_ci DEFAULT NULL,
  `fulfilled_date` timestamp NULL DEFAULT NULL,
  `order_status` enum('pending','active','done','cancelled','resend') COLLATE utf8_unicode_ci DEFAULT NULL,
  `customer_order_count` int(11) DEFAULT NULL,
  `created_at` timestamp NULL DEFAULT CURRENT_TIMESTAMP,
  `updated_at` timestamp NOT NULL DEFAULT CURRENT_TIMESTAMP ON UPDATE CURRENT_TIMESTAMP
) ENGINE=InnoDB DEFAULT CHARSET=utf8 COLLATE=utf8_unicode_ci;

--
-- Dumping data for table `orders.backup`
--

INSERT INTO `orders.backup` (`order_id`, `order_number`, `customer_id`, `total_price`, `fulfillment_status`, `fulfilled_date`, `order_status`, `customer_order_count`, `created_at`, `updated_at`) VALUES
(1, 1000, 1, 100, 'Awaiting Shipment', '2019-11-26 05:00:00', 'active', 1, '2019-11-26 05:32:23', '2019-11-26 05:32:23'),
(2, 1001, 2, 200, 'Awaiting Shipment', '2019-11-25 05:00:00', 'active', 1, '2019-11-26 06:21:02', '2019-11-26 06:21:02'),
(3, 1002, 3, 20, 'Awaiting Shipment', '2019-11-20 05:00:00', 'active', 3, '2019-11-27 03:47:31', '2019-11-27 03:47:31'),
(4, 1003, 4, 20, 'Awaiting Shipment', '2019-11-12 05:00:00', 'active', 2, '2019-11-27 04:35:37', '2019-11-27 04:35:37'),
(5, 1004, 5, 50, 'Awaiting Shipment', '2019-11-12 05:00:00', 'active', 2, '2019-11-27 04:35:37', '2019-11-27 04:35:37'),
(6, 1005, 6, 50, 'Awaiting Shipment', '2019-11-12 05:00:00', 'active', 2, '2019-11-27 04:35:37', '2019-11-27 04:35:37'),
(8, 1006, 6, 50, 'Awaiting Shipment', '2019-11-12 05:00:00', 'active', 2, '2019-11-27 04:35:37', '2019-11-27 04:35:37'),
(9, 1007, 6, 50, 'Awaiting Shipment', '2019-11-12 05:00:00', 'active', 2, '2019-11-27 04:35:37', '2019-11-27 04:35:37'),
(10, 1008, 6, 50, 'Awaiting Shipment', '2019-11-12 05:00:00', 'active', 2, '2019-11-27 04:35:37', '2019-11-27 04:35:37'),
(11, 1009, 6, 50, 'Awaiting Shipment', '2019-11-12 05:00:00', 'active', 2, '2019-11-27 04:35:37', '2019-11-27 04:35:37'),
(12, 1010, 6, 50, 'Awaiting Shipment', '2019-11-12 05:00:00', 'active', 2, '2019-11-27 04:35:37', '2019-11-27 04:35:37'),
(13, 1011, 4, 50, 'Awaiting Shipment', '2019-11-12 05:00:00', 'active', 2, '2019-11-27 04:35:37', '2019-11-27 04:35:37'),
(14, 1012, 4, 50, 'Awaiting Shipment', '2019-11-12 05:00:00', 'active', 2, '2019-11-27 04:35:37', '2019-11-27 04:35:37'),
(15, 1013, 4, 50, 'Awaiting Shipment', '2019-11-12 05:00:00', 'active', 2, '2019-11-27 04:35:37', '2019-11-27 04:35:37'),
(16, 1014, 4, 50, 'Awaiting Shipment', '2019-11-12 05:00:00', 'active', 2, '2019-11-27 04:35:37', '2019-11-27 04:35:37'),
(17, 1015, 4, 50, 'Awaiting Shipment', '2019-11-12 05:00:00', 'active', 2, '2019-11-27 04:35:37', '2019-11-27 04:35:37'),
(18, 1016, 4, 50, 'Awaiting Shipment', '2019-11-12 05:00:00', 'active', 2, '2019-11-27 04:35:37', '2019-11-27 04:35:37'),
(19, 1017, 4, 50, 'Awaiting Shipment', '2019-11-12 05:00:00', 'active', 2, '2019-11-27 04:35:37', '2019-11-27 04:35:37'),
(20, 1018, 4, 50, 'Awaiting Shipment', '2019-11-12 05:00:00', 'active', 2, '2019-11-27 04:35:37', '2019-11-27 04:35:37'),
(21, 1019, 4, 50, 'Awaiting Shipment', '2019-11-12 05:00:00', 'active', 2, '2019-11-27 04:35:37', '2019-11-27 04:35:37'),
(22, 1020, 4, 50, 'Awaiting Shipment', '2019-11-12 05:00:00', 'active', 2, '2019-11-27 04:35:37', '2019-11-27 04:35:37');

-- --------------------------------------------------------

--
-- Table structure for table `orders_items`
--

CREATE TABLE `orders_items` (
  `order_item_id` bigint(11) UNSIGNED NOT NULL,
  `order_id` bigint(20) UNSIGNED NOT NULL,
  `product_id` bigint(20) UNSIGNED NOT NULL,
  `quantity` int(11) NOT NULL DEFAULT '1',
  `refund` bigint(20) DEFAULT '0',
  `resend_amount` int(11) NOT NULL DEFAULT '0',
  `created_at` timestamp NULL DEFAULT CURRENT_TIMESTAMP,
  `updated_at` timestamp NOT NULL DEFAULT CURRENT_TIMESTAMP ON UPDATE CURRENT_TIMESTAMP
) ENGINE=InnoDB DEFAULT CHARSET=utf8 COLLATE=utf8_unicode_ci;

--
-- Dumping data for table `orders_items`
--

INSERT INTO `orders_items` (`order_item_id`, `order_id`, `product_id`, `quantity`, `refund`, `resend_amount`, `created_at`, `updated_at`) VALUES
(1, 1, 3, 1, 0, 0, '2019-11-27 21:31:15', '2019-11-27 21:31:15'),
(2, 2, 3, 2, 0, 0, '2019-11-27 21:31:15', '2019-11-27 21:31:15'),
(3, 2, 5, 2, 0, 0, '2019-11-27 21:31:15', '2019-11-27 21:31:15'),
(4, 3, 2, 2, 0, 0, '2019-11-27 21:31:15', '2019-11-27 21:31:15'),
(5, 4, 3, 1, 0, 0, '2019-11-27 21:31:15', '2019-11-27 21:31:15'),
(6, 5, 6, 3, 0, 0, '2019-11-27 21:31:15', '2019-11-27 21:31:15'),
(7, 5, 2, 1, 0, 0, '2019-11-27 21:31:15', '2019-11-27 21:31:15'),
(8, 5, 4, 3, 0, 0, '2019-11-27 21:31:15', '2019-11-27 21:31:15'),
(9, 6, 5, 3, 0, 0, '2019-11-27 21:31:15', '2019-11-27 21:31:15'),
(10, 7, 2, 2, 0, 0, '2019-11-27 21:31:15', '2019-11-27 21:31:15'),
(11, 7, 6, 1, 0, 0, '2019-11-27 21:31:15', '2019-11-27 21:31:15'),
(12, 7, 1, 2, 0, 0, '2019-11-27 21:31:15', '2019-11-27 21:31:15'),
(13, 8, 6, 3, 0, 0, '2019-11-27 21:31:15', '2019-11-27 21:31:15'),
(14, 8, 2, 3, 0, 0, '2019-11-27 21:31:15', '2019-11-27 21:31:15'),
(15, 9, 6, 2, 0, 0, '2019-11-27 21:31:15', '2019-11-27 21:31:15'),
(16, 10, 4, 1, 0, 0, '2019-11-27 21:31:15', '2019-11-27 21:31:15'),
(17, 11, 1, 3, 0, 0, '2019-11-27 21:31:15', '2019-11-27 21:31:15'),
(18, 11, 2, 2, 0, 0, '2019-11-27 21:31:15', '2019-11-27 21:31:15'),
(19, 12, 5, 2, 0, 0, '2019-11-27 21:31:15', '2019-11-27 21:31:15'),
(20, 13, 2, 3, 0, 0, '2019-11-27 21:31:15', '2019-11-27 21:31:15'),
(21, 13, 1, 1, 0, 0, '2019-11-27 21:31:15', '2019-11-27 21:31:15'),
(22, 14, 4, 1, 0, 0, '2019-11-27 21:31:15', '2019-11-27 21:31:15'),
(23, 15, 3, 1, 0, 0, '2019-11-27 21:31:15', '2019-11-27 21:31:15'),
(24, 15, 1, 2, 0, 0, '2019-11-27 21:31:15', '2019-11-27 21:31:15'),
(25, 15, 4, 1, 0, 0, '2019-11-27 21:31:15', '2019-11-27 21:31:15'),
(26, 15, 6, 1, 0, 0, '2019-11-27 21:31:15', '2019-11-27 21:31:15'),
(27, 16, 5, 3, 0, 0, '2019-11-27 21:31:15', '2019-11-27 21:31:15'),
(28, 16, 6, 2, 0, 0, '2019-11-27 21:31:15', '2019-11-27 21:31:15'),
(29, 17, 5, 2, 0, 0, '2019-11-27 21:31:15', '2019-11-27 21:31:15'),
(30, 18, 2, 3, 0, 0, '2019-11-27 21:31:15', '2019-11-27 21:31:15'),
(31, 19, 3, 2, 0, 0, '2019-11-27 21:31:15', '2019-11-27 21:31:15'),
(32, 19, 1, 3, 0, 0, '2019-11-27 21:31:15', '2019-11-27 21:31:15'),
(33, 19, 4, 3, 0, 0, '2019-11-27 21:31:15', '2019-11-27 21:31:15'),
(34, 20, 3, 2, 0, 0, '2019-11-27 21:31:15', '2019-11-27 21:31:15'),
(35, 20, 1, 2, 0, 0, '2019-11-27 21:31:15', '2019-11-27 21:31:15'),
(36, 20, 5, 3, 0, 0, '2019-11-27 21:31:15', '2019-11-27 21:31:15'),
(37, 21, 1, 1, 0, 0, '2019-11-27 21:31:15', '2019-11-27 21:31:15'),
(38, 21, 5, 2, 0, 0, '2019-11-27 21:31:15', '2019-11-27 21:31:15'),
(39, 22, 2, 2, 0, 0, '2019-11-27 21:31:15', '2019-11-27 21:31:15'),
(40, 22, 4, 1, 0, 0, '2019-11-27 21:31:15', '2019-11-27 21:31:15'),
(41, 23, 3, 1, 0, 0, '2019-11-27 21:31:15', '2019-11-27 21:31:15'),
(42, 23, 6, 3, 0, 0, '2019-11-27 21:31:15', '2019-11-27 21:31:15'),
(43, 23, 1, 2, 0, 0, '2019-11-27 21:31:15', '2019-11-27 21:31:15'),
(44, 23, 2, 3, 0, 0, '2019-11-27 21:31:15', '2019-11-27 21:31:15'),
(45, 24, 6, 3, 0, 0, '2019-11-27 21:31:15', '2019-11-27 21:31:15'),
(46, 24, 2, 2, 0, 0, '2019-11-27 21:31:15', '2019-11-27 21:31:15'),
(47, 24, 5, 1, 0, 0, '2019-11-27 21:31:15', '2019-11-27 21:31:15'),
(48, 25, 2, 1, 0, 0, '2019-11-27 21:31:15', '2019-11-27 21:31:15'),
(49, 26, 2, 2, 0, 0, '2019-11-27 21:31:15', '2019-11-27 21:31:15'),
(50, 27, 4, 2, 0, 0, '2019-11-27 21:31:15', '2019-11-27 21:31:15'),
(51, 27, 2, 1, 0, 0, '2019-11-27 21:31:15', '2019-11-27 21:31:15'),
(52, 28, 2, 2, 0, 0, '2019-11-27 21:31:15', '2019-11-27 21:31:15'),
(53, 29, 6, 2, 0, 0, '2019-11-27 21:31:15', '2019-11-27 21:31:15'),
(54, 29, 2, 2, 0, 0, '2019-11-27 21:31:15', '2019-11-27 21:31:15'),
(55, 30, 6, 1, 0, 0, '2019-11-27 21:31:15', '2019-11-27 21:31:15'),
(56, 30, 4, 1, 0, 0, '2019-11-27 21:31:15', '2019-11-27 21:31:15'),
(57, 31, 4, 2, 0, 0, '2019-11-27 21:31:15', '2019-11-27 21:31:15'),
(58, 31, 2, 3, 0, 0, '2019-11-27 21:31:15', '2019-11-27 21:31:15'),
(59, 31, 3, 1, 0, 0, '2019-11-27 21:31:15', '2019-11-27 21:31:15'),
(60, 31, 6, 1, 0, 0, '2019-11-27 21:31:15', '2019-11-27 21:31:15'),
(61, 32, 5, 2, 0, 0, '2019-11-27 21:31:15', '2019-11-27 21:31:15'),
(62, 32, 3, 1, 0, 0, '2019-11-27 21:31:15', '2019-11-27 21:31:15'),
(63, 32, 4, 2, 0, 0, '2019-11-27 21:31:15', '2019-11-27 21:31:15'),
(64, 33, 2, 2, 0, 0, '2019-11-27 21:31:15', '2019-11-27 21:31:15'),
(65, 33, 6, 2, 0, 0, '2019-11-27 21:31:15', '2019-11-27 21:31:15'),
(66, 33, 4, 3, 0, 0, '2019-11-27 21:31:15', '2019-11-27 21:31:15'),
(67, 34, 5, 2, 0, 0, '2019-11-27 21:31:15', '2019-11-27 21:31:15'),
(68, 34, 6, 2, 0, 0, '2019-11-27 21:31:15', '2019-11-27 21:31:15'),
(69, 34, 4, 3, 0, 0, '2019-11-27 21:31:15', '2019-11-27 21:31:15'),
(70, 35, 6, 1, 0, 0, '2019-11-27 21:31:15', '2019-11-27 21:31:15'),
(71, 36, 5, 3, 0, 0, '2019-11-27 21:31:15', '2019-11-27 21:31:15'),
(72, 37, 6, 2, 0, 0, '2019-11-27 21:31:15', '2019-11-27 21:31:15'),
(73, 37, 4, 3, 0, 0, '2019-11-27 21:31:15', '2019-11-27 21:31:15'),
(74, 37, 1, 1, 0, 0, '2019-11-27 21:31:15', '2019-11-27 21:31:15'),
(75, 38, 4, 2, 0, 0, '2019-11-27 21:31:15', '2019-11-27 21:31:15'),
(76, 38, 1, 3, 0, 0, '2019-11-27 21:31:15', '2019-11-27 21:31:15'),
(77, 39, 4, 1, 0, 0, '2019-11-27 21:31:15', '2019-11-27 21:31:15'),
(78, 39, 3, 1, 0, 0, '2019-11-27 21:31:15', '2019-11-27 21:31:15'),
(79, 40, 4, 3, 0, 0, '2019-11-27 21:31:15', '2019-11-27 21:31:15'),
(80, 40, 2, 3, 0, 0, '2019-11-27 21:31:15', '2019-11-27 21:31:15'),
(81, 40, 3, 3, 0, 0, '2019-11-27 21:31:15', '2019-11-27 21:31:15'),
(82, 41, 6, 2, 0, 0, '2019-11-27 21:31:15', '2019-11-27 21:31:15'),
(83, 41, 2, 3, 0, 0, '2019-11-27 21:31:15', '2019-11-27 21:31:15'),
(84, 42, 2, 3, 0, 0, '2019-11-27 21:31:15', '2019-11-27 21:31:15'),
(85, 42, 6, 2, 0, 0, '2019-11-27 21:31:15', '2019-11-27 21:31:15'),
(86, 42, 5, 3, 0, 0, '2019-11-27 21:31:15', '2019-11-27 21:31:15'),
(87, 43, 5, 1, 0, 0, '2019-11-27 21:31:15', '2019-11-27 21:31:15'),
(88, 44, 4, 1, 0, 0, '2019-11-27 21:31:15', '2019-11-27 21:31:15'),
(89, 45, 6, 2, 0, 0, '2019-11-27 21:31:15', '2019-11-27 21:31:15'),
(90, 45, 5, 1, 0, 0, '2019-11-27 21:31:15', '2019-11-27 21:31:15'),
(91, 46, 2, 2, 0, 0, '2019-11-27 21:31:15', '2019-11-27 21:31:15'),
(92, 46, 3, 1, 0, 0, '2019-11-27 21:31:15', '2019-11-27 21:31:15'),
(93, 47, 6, 1, 0, 0, '2019-11-27 21:31:15', '2019-11-27 21:31:15'),
(94, 48, 6, 1, 0, 0, '2019-11-27 21:31:15', '2019-11-27 21:31:15'),
(95, 48, 2, 1, 0, 0, '2019-11-27 21:31:15', '2019-11-27 21:31:15'),
(96, 49, 2, 3, 0, 0, '2019-11-27 21:31:15', '2019-11-27 21:31:15'),
(97, 49, 6, 2, 0, 0, '2019-11-27 21:31:15', '2019-11-27 21:31:15'),
(98, 50, 2, 3, 0, 0, '2019-11-27 21:31:15', '2019-11-27 21:31:15'),
(99, 50, 3, 1, 0, 0, '2019-11-27 21:31:15', '2019-11-27 21:31:15'),
(100, 50, 1, 3, 0, 0, '2019-11-27 21:31:15', '2019-11-27 21:31:15'),
(101, 51, 2, 3, 0, 0, '2019-11-27 21:31:15', '2019-11-27 21:31:15'),
(102, 51, 5, 2, 0, 0, '2019-11-27 21:31:15', '2019-11-27 21:31:15'),
(103, 52, 1, 2, 0, 0, '2019-11-27 21:31:15', '2019-11-27 21:31:15'),
(104, 52, 2, 2, 0, 0, '2019-11-27 21:31:15', '2019-11-27 21:31:15'),
(105, 52, 3, 1, 0, 0, '2019-11-27 21:31:15', '2019-11-27 21:31:15'),
(106, 53, 6, 3, 0, 0, '2019-11-27 21:31:15', '2019-11-27 21:31:15'),
(107, 53, 5, 1, 0, 0, '2019-11-27 21:31:15', '2019-11-27 21:31:15'),
(108, 53, 4, 1, 0, 0, '2019-11-27 21:31:15', '2019-11-27 21:31:15'),
(109, 54, 3, 1, 0, 0, '2019-11-27 21:31:15', '2019-11-27 21:31:15'),
(110, 54, 5, 2, 0, 0, '2019-11-27 21:31:15', '2019-11-27 21:31:15'),
(111, 54, 1, 2, 0, 0, '2019-11-27 21:31:15', '2019-11-27 21:31:15'),
(112, 55, 1, 1, 0, 0, '2019-11-27 21:31:15', '2019-11-27 21:31:15'),
(113, 55, 5, 1, 0, 0, '2019-11-27 21:31:15', '2019-11-27 21:31:15'),
(114, 56, 3, 1, 0, 0, '2019-11-27 21:31:15', '2019-11-27 21:31:15'),
(115, 56, 4, 2, 0, 0, '2019-11-27 21:31:15', '2019-11-27 21:31:15'),
(116, 56, 1, 1, 0, 0, '2019-11-27 21:31:15', '2019-11-27 21:31:15'),
(117, 57, 5, 3, 0, 0, '2019-11-27 21:31:15', '2019-11-27 21:31:15'),
(118, 58, 1, 1, 0, 0, '2019-11-27 21:31:15', '2019-11-27 21:31:15'),
(119, 58, 6, 2, 0, 0, '2019-11-27 21:31:15', '2019-11-27 21:31:15'),
(120, 59, 4, 3, 0, 0, '2019-11-27 21:31:15', '2019-11-27 21:31:15'),
(121, 60, 4, 2, 0, 0, '2019-11-27 21:31:15', '2019-11-27 21:31:15'),
(122, 60, 2, 3, 0, 0, '2019-11-27 21:31:15', '2019-11-27 21:31:15'),
(123, 61, 5, 3, 0, 0, '2019-11-27 21:31:15', '2019-11-27 21:31:15'),
(124, 61, 4, 1, 0, 0, '2019-11-27 21:31:15', '2019-11-27 21:31:15'),
(125, 62, 6, 1, 0, 0, '2019-11-27 21:31:15', '2019-11-27 21:31:15'),
(126, 62, 3, 3, 0, 0, '2019-11-27 21:31:15', '2019-11-27 21:31:15'),
(127, 63, 5, 1, 0, 0, '2019-11-27 21:31:15', '2019-11-27 21:31:15'),
(128, 63, 2, 2, 0, 0, '2019-11-27 21:31:15', '2019-11-27 21:31:15'),
(129, 63, 6, 3, 0, 0, '2019-11-27 21:31:15', '2019-11-27 21:31:15'),
(130, 64, 4, 2, 0, 0, '2019-11-27 21:31:15', '2019-11-27 21:31:15'),
(131, 65, 1, 2, 0, 0, '2019-11-27 21:31:15', '2019-11-27 21:31:15'),
(132, 66, 4, 3, 0, 0, '2019-11-27 21:31:15', '2019-11-27 21:31:15'),
(133, 66, 2, 3, 0, 0, '2019-11-27 21:31:15', '2019-11-27 21:31:15'),
(134, 67, 3, 3, 0, 0, '2019-11-27 21:31:15', '2019-11-27 21:31:15'),
(135, 67, 2, 3, 0, 0, '2019-11-27 21:31:15', '2019-11-27 21:31:15'),
(136, 67, 1, 2, 0, 0, '2019-11-27 21:31:15', '2019-11-27 21:31:15'),
(137, 68, 1, 3, 0, 0, '2019-11-27 21:31:15', '2019-11-27 21:31:15'),
(138, 68, 4, 3, 0, 0, '2019-11-27 21:31:15', '2019-11-27 21:31:15'),
(139, 69, 2, 3, 0, 0, '2019-11-27 21:31:15', '2019-11-27 21:31:15'),
(140, 69, 1, 3, 0, 0, '2019-11-27 21:31:15', '2019-11-27 21:31:15'),
(141, 70, 5, 3, 0, 0, '2019-11-27 21:31:15', '2019-11-27 21:31:15'),
(142, 70, 6, 1, 0, 0, '2019-11-27 21:31:15', '2019-11-27 21:31:15'),
(143, 70, 2, 3, 0, 0, '2019-11-27 21:31:15', '2019-11-27 21:31:15'),
(144, 71, 2, 3, 0, 0, '2019-11-27 21:31:15', '2019-11-27 21:31:15'),
(145, 71, 5, 3, 0, 0, '2019-11-27 21:31:15', '2019-11-27 21:31:15'),
(146, 71, 4, 3, 0, 0, '2019-11-27 21:31:15', '2019-11-27 21:31:15'),
(147, 72, 6, 3, 0, 0, '2019-11-27 21:31:15', '2019-11-27 21:31:15'),
(148, 72, 3, 2, 0, 0, '2019-11-27 21:31:15', '2019-11-27 21:31:15'),
(149, 73, 2, 3, 0, 0, '2019-11-27 21:31:15', '2019-11-27 21:31:15'),
(150, 74, 5, 1, 0, 0, '2019-11-27 21:31:15', '2019-11-27 21:31:15'),
(151, 74, 1, 3, 0, 0, '2019-11-27 21:31:15', '2019-11-27 21:31:15'),
(152, 75, 3, 3, 0, 0, '2019-11-27 21:31:15', '2019-11-27 21:31:15'),
(153, 76, 5, 1, 0, 0, '2019-11-27 21:31:15', '2019-11-27 21:31:15'),
(154, 77, 3, 1, 0, 0, '2019-11-27 21:31:15', '2019-11-27 21:31:15'),
(155, 77, 2, 3, 0, 0, '2019-11-27 21:31:15', '2019-11-27 21:31:15'),
(156, 77, 5, 3, 0, 0, '2019-11-27 21:31:15', '2019-11-27 21:31:15'),
(157, 77, 1, 2, 0, 0, '2019-11-27 21:31:15', '2019-11-27 21:31:15'),
(158, 78, 6, 1, 0, 0, '2019-11-27 21:31:15', '2019-11-27 21:31:15'),
(159, 78, 4, 1, 0, 0, '2019-11-27 21:31:15', '2019-11-27 21:31:15'),
(160, 78, 5, 2, 0, 0, '2019-11-27 21:31:15', '2019-11-27 21:31:15'),
(161, 79, 1, 2, 0, 0, '2019-11-27 21:31:15', '2019-11-27 21:31:15'),
(162, 79, 2, 1, 0, 0, '2019-11-27 21:31:15', '2019-11-27 21:31:15'),
(163, 80, 1, 2, 0, 0, '2019-11-27 21:31:15', '2019-11-27 21:31:15'),
(164, 80, 2, 3, 0, 0, '2019-11-27 21:31:15', '2019-11-27 21:31:15'),
(165, 81, 3, 1, 0, 0, '2019-11-27 21:31:15', '2019-11-27 21:31:15'),
(166, 81, 5, 1, 0, 0, '2019-11-27 21:31:15', '2019-11-27 21:31:15'),
(167, 81, 1, 3, 0, 0, '2019-11-27 21:31:15', '2019-11-27 21:31:15'),
(168, 82, 1, 2, 0, 0, '2019-11-27 21:31:15', '2019-11-27 21:31:15'),
(169, 83, 1, 2, 0, 0, '2019-11-27 21:31:15', '2019-11-27 21:31:15'),
(170, 83, 2, 1, 0, 0, '2019-11-27 21:31:15', '2019-11-27 21:31:15'),
(171, 84, 1, 3, 0, 0, '2019-11-27 21:31:15', '2019-11-27 21:31:15'),
(172, 85, 6, 3, 0, 0, '2019-11-27 21:31:15', '2019-11-27 21:31:15'),
(173, 85, 5, 2, 0, 0, '2019-11-27 21:31:15', '2019-11-27 21:31:15'),
(174, 85, 4, 3, 0, 0, '2019-11-27 21:31:15', '2019-11-27 21:31:15'),
(175, 85, 3, 1, 0, 0, '2019-11-27 21:31:15', '2019-11-27 21:31:15'),
(176, 86, 3, 1, 0, 0, '2019-11-27 21:31:15', '2019-11-27 21:31:15'),
(177, 86, 2, 2, 0, 0, '2019-11-27 21:31:15', '2019-11-27 21:31:15'),
(178, 87, 3, 1, 0, 0, '2019-11-27 21:31:15', '2019-11-27 21:31:15'),
(179, 87, 4, 2, 0, 0, '2019-11-27 21:31:15', '2019-11-27 21:31:15'),
(180, 88, 3, 2, 0, 0, '2019-11-27 21:31:15', '2019-11-27 21:31:15'),
(181, 89, 6, 3, 0, 0, '2019-11-27 21:31:15', '2019-11-27 21:31:15'),
(182, 89, 3, 2, 0, 0, '2019-11-27 21:31:15', '2019-11-27 21:31:15'),
(183, 89, 4, 2, 0, 0, '2019-11-27 21:31:15', '2019-11-27 21:31:15'),
(184, 90, 1, 1, 0, 0, '2019-11-27 21:31:15', '2019-11-27 21:31:15'),
(185, 90, 4, 1, 0, 0, '2019-11-27 21:31:15', '2019-11-27 21:31:15'),
(186, 90, 5, 2, 0, 0, '2019-11-27 21:31:15', '2019-11-27 21:31:15'),
(187, 90, 3, 2, 0, 0, '2019-11-27 21:31:15', '2019-11-27 21:31:15'),
(188, 91, 2, 1, 0, 0, '2019-11-27 21:31:15', '2019-11-27 21:31:15'),
(189, 91, 5, 3, 0, 0, '2019-11-27 21:31:15', '2019-11-27 21:31:15'),
(190, 92, 3, 1, 0, 0, '2019-11-27 21:31:15', '2019-11-27 21:31:15'),
(191, 92, 4, 3, 0, 0, '2019-11-27 21:31:15', '2019-11-27 21:31:15'),
(192, 92, 6, 2, 0, 0, '2019-11-27 21:31:15', '2019-11-27 21:31:15'),
(193, 93, 3, 2, 0, 0, '2019-11-27 21:31:15', '2019-11-27 21:31:15'),
(194, 93, 4, 2, 0, 0, '2019-11-27 21:31:15', '2019-11-27 21:31:15'),
(195, 93, 1, 2, 0, 0, '2019-11-27 21:31:15', '2019-11-27 21:31:15'),
(196, 94, 4, 3, 0, 0, '2019-11-27 21:31:15', '2019-11-27 21:31:15'),
(197, 95, 3, 2, 0, 0, '2019-11-27 21:31:15', '2019-11-27 21:31:15'),
(198, 96, 1, 1, 0, 0, '2019-11-27 21:31:15', '2019-11-27 21:31:15'),
(199, 97, 4, 1, 0, 0, '2019-11-27 21:31:15', '2019-11-27 21:31:15'),
(200, 98, 2, 3, 0, 0, '2019-11-27 21:31:15', '2019-11-27 21:31:15'),
(201, 99, 3, 1, 0, 0, '2019-11-27 21:31:15', '2019-11-27 21:31:15'),
(202, 99, 1, 3, 0, 0, '2019-11-27 21:31:15', '2019-11-27 21:31:15'),
(203, 100, 5, 3, 0, 0, '2019-11-27 21:31:15', '2019-11-27 21:31:15'),
(204, 100, 3, 2, 0, 0, '2019-11-27 21:31:15', '2019-11-27 21:31:15'),
(205, 101, 2, 1, 0, 0, '2019-11-27 21:31:15', '2019-11-27 21:31:15'),
(206, 101, 3, 3, 0, 0, '2019-11-27 21:31:15', '2019-11-27 21:31:15'),
(207, 102, 1, 3, 0, 0, '2019-11-27 21:31:15', '2019-11-27 21:31:15'),
(208, 103, 5, 2, 0, 0, '2019-11-27 21:31:15', '2019-11-27 21:31:15'),
(209, 103, 3, 3, 0, 0, '2019-11-27 21:31:15', '2019-11-27 21:31:15'),
(210, 104, 3, 1, 0, 0, '2019-11-27 21:31:15', '2019-11-27 21:31:15'),
(211, 105, 6, 3, 0, 0, '2019-11-27 21:31:15', '2019-11-27 21:31:15'),
(212, 105, 2, 1, 0, 0, '2019-11-27 21:31:15', '2019-11-27 21:31:15'),
(213, 105, 1, 2, 0, 0, '2019-11-27 21:31:15', '2019-11-27 21:31:15'),
(214, 105, 3, 1, 0, 0, '2019-11-27 21:31:15', '2019-11-27 21:31:15'),
(215, 106, 3, 1, 0, 0, '2019-11-27 21:31:15', '2019-11-27 21:31:15'),
(216, 106, 6, 2, 0, 0, '2019-11-27 21:31:15', '2019-11-27 21:31:15'),
(217, 106, 5, 1, 0, 0, '2019-11-27 21:31:15', '2019-11-27 21:31:15'),
(218, 107, 3, 3, 0, 0, '2019-11-27 21:31:15', '2019-11-27 21:31:15'),
(219, 107, 4, 3, 0, 0, '2019-11-27 21:31:15', '2019-11-27 21:31:15'),
(220, 108, 1, 1, 0, 0, '2019-11-27 21:31:15', '2019-11-27 21:31:15'),
(221, 109, 6, 3, 0, 0, '2019-11-27 21:31:15', '2019-11-27 21:31:15'),
(222, 110, 6, 3, 0, 0, '2019-11-27 21:31:15', '2019-11-27 21:31:15'),
(223, 110, 2, 2, 0, 0, '2019-11-27 21:31:15', '2019-11-27 21:31:15'),
(224, 110, 3, 1, 0, 0, '2019-11-27 21:31:15', '2019-11-27 21:31:15'),
(225, 111, 4, 1, 0, 0, '2019-11-27 21:31:15', '2019-11-27 21:31:15'),
(226, 111, 1, 3, 0, 0, '2019-11-27 21:31:15', '2019-11-27 21:31:15'),
(227, 112, 6, 2, 0, 0, '2019-11-27 21:31:15', '2019-11-27 21:31:15'),
(228, 113, 5, 2, 0, 0, '2019-11-27 21:31:15', '2019-11-27 21:31:15'),
(229, 113, 4, 3, 0, 0, '2019-11-27 21:31:15', '2019-11-27 21:31:15'),
(230, 114, 1, 2, 0, 0, '2019-11-27 21:31:15', '2019-11-27 21:31:15'),
(231, 115, 5, 2, 0, 0, '2019-11-27 21:31:15', '2019-11-27 21:31:15'),
(232, 115, 3, 1, 0, 0, '2019-11-27 21:31:15', '2019-11-27 21:31:15'),
(233, 115, 4, 1, 0, 0, '2019-11-27 21:31:15', '2019-11-27 21:31:15'),
(234, 116, 6, 2, 0, 0, '2019-11-27 21:31:15', '2019-11-27 21:31:15'),
(235, 116, 5, 1, 0, 0, '2019-11-27 21:31:15', '2019-11-27 21:31:15'),
(236, 117, 5, 3, 0, 0, '2019-11-27 21:31:15', '2019-11-27 21:31:15'),
(237, 117, 2, 1, 0, 0, '2019-11-27 21:31:15', '2019-11-27 21:31:15'),
(238, 118, 6, 1, 0, 0, '2019-11-27 21:31:15', '2019-11-27 21:31:15'),
(239, 118, 1, 2, 0, 0, '2019-11-27 21:31:15', '2019-11-27 21:31:15'),
(240, 119, 3, 2, 0, 0, '2019-11-27 21:31:15', '2019-11-27 21:31:15'),
(241, 119, 6, 3, 0, 0, '2019-11-27 21:31:15', '2019-11-27 21:31:15'),
(242, 119, 1, 2, 0, 0, '2019-11-27 21:31:15', '2019-11-27 21:31:15'),
(243, 120, 6, 1, 0, 0, '2019-11-27 21:31:15', '2019-11-27 21:31:15'),
(244, 120, 4, 1, 0, 0, '2019-11-27 21:31:15', '2019-11-27 21:31:15'),
(245, 121, 6, 2, 0, 0, '2019-11-27 21:31:15', '2019-11-27 21:31:15'),
(246, 121, 2, 3, 0, 0, '2019-11-27 21:31:15', '2019-11-27 21:31:15'),
(247, 121, 3, 3, 0, 0, '2019-11-27 21:31:15', '2019-11-27 21:31:15'),
(248, 121, 4, 2, 0, 0, '2019-11-27 21:31:15', '2019-11-27 21:31:15'),
(249, 122, 1, 3, 0, 0, '2019-11-27 21:31:15', '2019-11-27 21:31:15'),
(250, 122, 5, 2, 0, 0, '2019-11-27 21:31:15', '2019-11-27 21:31:15'),
(251, 122, 6, 2, 0, 0, '2019-11-27 21:31:15', '2019-11-27 21:31:15'),
(252, 123, 1, 2, 0, 0, '2019-11-27 21:31:15', '2019-11-27 21:31:15'),
(253, 123, 5, 3, 0, 0, '2019-11-27 21:31:15', '2019-11-27 21:31:15'),
(254, 124, 3, 1, 0, 0, '2019-11-27 21:31:15', '2019-11-27 21:31:15'),
(255, 124, 2, 2, 0, 0, '2019-11-27 21:31:15', '2019-11-27 21:31:15'),
(256, 125, 3, 3, 0, 0, '2019-11-27 21:31:15', '2019-11-27 21:31:15'),
(257, 125, 4, 3, 0, 0, '2019-11-27 21:31:15', '2019-11-27 21:31:15'),
(258, 126, 2, 2, 0, 0, '2019-11-27 21:31:15', '2019-11-27 21:31:15'),
(259, 126, 4, 3, 0, 0, '2019-11-27 21:31:15', '2019-11-27 21:31:15'),
(260, 126, 1, 2, 0, 0, '2019-11-27 21:31:15', '2019-11-27 21:31:15'),
(261, 127, 6, 2, 0, 0, '2019-11-27 21:31:15', '2019-11-27 21:31:15'),
(262, 128, 6, 2, 0, 0, '2019-11-27 21:31:15', '2019-11-27 21:31:15'),
(263, 128, 5, 2, 0, 0, '2019-11-27 21:31:15', '2019-11-27 21:31:15'),
(264, 129, 6, 1, 0, 0, '2019-11-27 21:31:15', '2019-11-27 21:31:15'),
(265, 129, 4, 1, 0, 0, '2019-11-27 21:31:15', '2019-11-27 21:31:15'),
(266, 129, 1, 1, 0, 0, '2019-11-27 21:31:15', '2019-11-27 21:31:15'),
(267, 129, 3, 3, 0, 0, '2019-11-27 21:31:15', '2019-11-27 21:31:15'),
(268, 130, 1, 1, 0, 0, '2019-11-27 21:31:15', '2019-11-27 21:31:15'),
(269, 130, 2, 2, 0, 0, '2019-11-27 21:31:15', '2019-11-27 21:31:15'),
(270, 131, 2, 3, 0, 0, '2019-11-27 21:31:15', '2019-11-27 21:31:15'),
(271, 132, 3, 1, 0, 0, '2019-11-27 21:31:15', '2019-11-27 21:31:15'),
(272, 132, 1, 3, 0, 0, '2019-11-27 21:31:15', '2019-11-27 21:31:15'),
(273, 132, 5, 1, 0, 0, '2019-11-27 21:31:15', '2019-11-27 21:31:15'),
(274, 133, 5, 1, 0, 0, '2019-11-27 21:31:15', '2019-11-27 21:31:15'),
(275, 133, 2, 2, 0, 0, '2019-11-27 21:31:15', '2019-11-27 21:31:15'),
(276, 133, 4, 2, 0, 0, '2019-11-27 21:31:15', '2019-11-27 21:31:15'),
(277, 134, 3, 2, 0, 0, '2019-11-27 21:31:15', '2019-11-27 21:31:15'),
(278, 134, 5, 2, 0, 0, '2019-11-27 21:31:15', '2019-11-27 21:31:15'),
(279, 134, 2, 3, 0, 0, '2019-11-27 21:31:15', '2019-11-27 21:31:15'),
(280, 135, 5, 1, 0, 0, '2019-11-27 21:31:15', '2019-11-27 21:31:15'),
(281, 135, 1, 1, 0, 0, '2019-11-27 21:31:15', '2019-11-27 21:31:15'),
(282, 136, 1, 1, 0, 0, '2019-11-27 21:31:15', '2019-11-27 21:31:15'),
(283, 137, 6, 3, 0, 0, '2019-11-27 21:31:15', '2019-11-27 21:31:15'),
(284, 137, 3, 1, 0, 0, '2019-11-27 21:31:15', '2019-11-27 21:31:15'),
(285, 138, 4, 3, 0, 0, '2019-11-27 21:31:15', '2019-11-27 21:31:15'),
(286, 138, 5, 3, 0, 0, '2019-11-27 21:31:15', '2019-11-27 21:31:15'),
(287, 139, 1, 2, 0, 0, '2019-11-27 21:31:15', '2019-11-27 21:31:15'),
(288, 140, 3, 3, 0, 0, '2019-11-27 21:31:15', '2019-11-27 21:31:15'),
(289, 140, 5, 3, 0, 0, '2019-11-27 21:31:15', '2019-11-27 21:31:15'),
(290, 141, 3, 1, 0, 0, '2019-11-27 21:31:15', '2019-11-27 21:31:15'),
(291, 141, 5, 1, 0, 0, '2019-11-27 21:31:15', '2019-11-27 21:31:15'),
(292, 142, 4, 3, 0, 0, '2019-11-27 21:31:15', '2019-11-27 21:31:15'),
(293, 142, 1, 2, 0, 0, '2019-11-27 21:31:15', '2019-11-27 21:31:15'),
(294, 142, 5, 2, 0, 0, '2019-11-27 21:31:15', '2019-11-27 21:31:15'),
(295, 142, 3, 2, 0, 0, '2019-11-27 21:31:15', '2019-11-27 21:31:15'),
(296, 143, 3, 2, 0, 0, '2019-11-27 21:31:15', '2019-11-27 21:31:15'),
(297, 143, 5, 3, 0, 0, '2019-11-27 21:31:15', '2019-11-27 21:31:15'),
(298, 143, 4, 3, 0, 0, '2019-11-27 21:31:15', '2019-11-27 21:31:15'),
(299, 144, 5, 3, 0, 0, '2019-11-27 21:31:15', '2019-11-27 21:31:15'),
(300, 144, 1, 3, 0, 0, '2019-11-27 21:31:15', '2019-11-27 21:31:15'),
(301, 145, 5, 1, 0, 0, '2019-11-27 21:31:15', '2019-11-27 21:31:15'),
(302, 145, 4, 3, 0, 0, '2019-11-27 21:31:15', '2019-11-27 21:31:15'),
(303, 145, 3, 2, 0, 0, '2019-11-27 21:31:15', '2019-11-27 21:31:15'),
(304, 145, 2, 3, 0, 0, '2019-11-27 21:31:15', '2019-11-27 21:31:15'),
(305, 146, 5, 1, 0, 0, '2019-11-27 21:31:15', '2019-11-27 21:31:15'),
(306, 146, 1, 3, 0, 0, '2019-11-27 21:31:15', '2019-11-27 21:31:15'),
(307, 146, 6, 3, 0, 0, '2019-11-27 21:31:15', '2019-11-27 21:31:15'),
(308, 146, 2, 1, 0, 0, '2019-11-27 21:31:15', '2019-11-27 21:31:15'),
(309, 147, 2, 2, 0, 0, '2019-11-27 21:31:15', '2019-11-27 21:31:15'),
(310, 147, 5, 2, 0, 0, '2019-11-27 21:31:15', '2019-11-27 21:31:15'),
(311, 147, 3, 3, 0, 0, '2019-11-27 21:31:15', '2019-11-27 21:31:15'),
(312, 148, 3, 1, 0, 0, '2019-11-27 21:31:15', '2019-11-27 21:31:15'),
(313, 148, 2, 2, 0, 0, '2019-11-27 21:31:15', '2019-11-27 21:31:15'),
(314, 149, 2, 1, 0, 0, '2019-11-27 21:31:15', '2019-11-27 21:31:15'),
(315, 149, 4, 2, 0, 0, '2019-11-27 21:31:15', '2019-11-27 21:31:15'),
(316, 150, 4, 1, 0, 0, '2019-11-27 21:31:15', '2019-11-27 21:31:15'),
(317, 150, 1, 2, 0, 0, '2019-11-27 21:31:15', '2019-11-27 21:31:15'),
(318, 150, 2, 1, 0, 0, '2019-11-27 21:31:15', '2019-11-27 21:31:15'),
(319, 150, 5, 1, 0, 0, '2019-11-27 21:31:15', '2019-11-27 21:31:15'),
(320, 151, 1, 2, 0, 0, '2019-11-27 21:31:15', '2019-11-27 21:31:15'),
(321, 151, 3, 2, 0, 0, '2019-11-27 21:31:15', '2019-11-27 21:31:15'),
(322, 151, 2, 2, 0, 0, '2019-11-27 21:31:15', '2019-11-27 21:31:15'),
(323, 152, 5, 2, 0, 0, '2019-11-27 21:31:15', '2019-11-27 21:31:15'),
(324, 152, 4, 2, 0, 0, '2019-11-27 21:31:15', '2019-11-27 21:31:15'),
(325, 152, 6, 2, 0, 0, '2019-11-27 21:31:15', '2019-11-27 21:31:15'),
(326, 153, 3, 3, 0, 0, '2019-11-27 21:31:15', '2019-11-27 21:31:15'),
(327, 154, 2, 2, 0, 0, '2019-11-27 21:31:15', '2019-11-27 21:31:15'),
(328, 154, 6, 3, 0, 0, '2019-11-27 21:31:15', '2019-11-27 21:31:15'),
(329, 155, 5, 3, 0, 0, '2019-11-27 21:31:15', '2019-11-27 21:31:15'),
(330, 155, 3, 2, 0, 0, '2019-11-27 21:31:15', '2019-11-27 21:31:15'),
(331, 156, 4, 2, 0, 0, '2019-11-27 21:31:15', '2019-11-27 21:31:15'),
(332, 156, 5, 2, 0, 0, '2019-11-27 21:31:15', '2019-11-27 21:31:15'),
(333, 157, 6, 1, 0, 0, '2019-11-27 21:31:15', '2019-11-27 21:31:15'),
(334, 157, 4, 2, 0, 0, '2019-11-27 21:31:15', '2019-11-27 21:31:15'),
(335, 157, 3, 2, 0, 0, '2019-11-27 21:31:15', '2019-11-27 21:31:15'),
(336, 158, 2, 3, 0, 0, '2019-11-27 21:31:15', '2019-11-27 21:31:15'),
(337, 158, 6, 2, 0, 0, '2019-11-27 21:31:15', '2019-11-27 21:31:15'),
(338, 158, 4, 2, 0, 0, '2019-11-27 21:31:15', '2019-11-27 21:31:15'),
(339, 159, 4, 3, 0, 0, '2019-11-27 21:31:15', '2019-11-27 21:31:15'),
(340, 160, 2, 3, 0, 0, '2019-11-27 21:31:15', '2019-11-27 21:31:15'),
(341, 160, 6, 1, 0, 0, '2019-11-27 21:31:15', '2019-11-27 21:31:15'),
(342, 161, 5, 2, 0, 0, '2019-11-27 21:31:15', '2019-11-27 21:31:15'),
(343, 162, 2, 3, 0, 0, '2019-11-27 21:31:15', '2019-11-27 21:31:15'),
(344, 162, 5, 2, 0, 0, '2019-11-27 21:31:15', '2019-11-27 21:31:15'),
(345, 163, 2, 3, 0, 0, '2019-11-27 21:31:15', '2019-11-27 21:31:15'),
(346, 163, 1, 3, 0, 0, '2019-11-27 21:31:15', '2019-11-27 21:31:15'),
(347, 163, 5, 1, 0, 0, '2019-11-27 21:31:15', '2019-11-27 21:31:15'),
(348, 163, 6, 1, 0, 0, '2019-11-27 21:31:15', '2019-11-27 21:31:15'),
(349, 164, 2, 2, 0, 0, '2019-11-27 21:31:15', '2019-11-27 21:31:15'),
(350, 164, 4, 1, 0, 0, '2019-11-27 21:31:15', '2019-11-27 21:31:15'),
(351, 165, 3, 2, 0, 0, '2019-11-27 21:31:15', '2019-11-27 21:31:15'),
(352, 165, 6, 2, 0, 0, '2019-11-27 21:31:15', '2019-11-27 21:31:15'),
(353, 165, 2, 3, 0, 0, '2019-11-27 21:31:15', '2019-11-27 21:31:15'),
(354, 166, 1, 2, 0, 0, '2019-11-27 21:31:15', '2019-11-27 21:31:15'),
(355, 166, 5, 3, 0, 0, '2019-11-27 21:31:15', '2019-11-27 21:31:15'),
(356, 166, 3, 1, 0, 0, '2019-11-27 21:31:15', '2019-11-27 21:31:15'),
(357, 167, 2, 3, 0, 0, '2019-11-27 21:31:15', '2019-11-27 21:31:15'),
(358, 167, 3, 1, 0, 0, '2019-11-27 21:31:15', '2019-11-27 21:31:15'),
(359, 168, 6, 3, 0, 0, '2019-11-27 21:31:15', '2019-11-27 21:31:15'),
(360, 168, 1, 2, 0, 0, '2019-11-27 21:31:15', '2019-11-27 21:31:15'),
(361, 169, 3, 2, 0, 0, '2019-11-27 21:31:15', '2019-11-27 21:31:15'),
(362, 169, 2, 1, 0, 0, '2019-11-27 21:31:15', '2019-11-27 21:31:15'),
(363, 169, 4, 1, 0, 0, '2019-11-27 21:31:15', '2019-11-27 21:31:15'),
(364, 170, 1, 1, 0, 0, '2019-11-27 21:31:15', '2019-11-27 21:31:15'),
(365, 170, 5, 3, 0, 0, '2019-11-27 21:31:15', '2019-11-27 21:31:15'),
(366, 171, 5, 3, 0, 0, '2019-11-27 21:31:15', '2019-11-27 21:31:15'),
(367, 171, 3, 2, 0, 0, '2019-11-27 21:31:15', '2019-11-27 21:31:15'),
(368, 172, 6, 3, 0, 0, '2019-11-27 21:31:15', '2019-11-27 21:31:15'),
(369, 172, 1, 3, 0, 0, '2019-11-27 21:31:15', '2019-11-27 21:31:15'),
(370, 173, 4, 2, 0, 0, '2019-11-27 21:31:15', '2019-11-27 21:31:15'),
(371, 173, 5, 3, 0, 0, '2019-11-27 21:31:15', '2019-11-27 21:31:15'),
(372, 174, 2, 1, 0, 0, '2019-11-27 21:31:15', '2019-11-27 21:31:15'),
(373, 174, 4, 2, 0, 0, '2019-11-27 21:31:15', '2019-11-27 21:31:15'),
(374, 174, 5, 2, 0, 0, '2019-11-27 21:31:15', '2019-11-27 21:31:15'),
(375, 175, 5, 1, 0, 0, '2019-11-27 21:31:15', '2019-11-27 21:31:15'),
(376, 175, 3, 2, 0, 0, '2019-11-27 21:31:15', '2019-11-27 21:31:15'),
(377, 175, 6, 1, 0, 0, '2019-11-27 21:31:15', '2019-11-27 21:31:15'),
(378, 176, 6, 2, 0, 0, '2019-11-27 21:31:15', '2019-11-27 21:31:15'),
(379, 177, 5, 1, 0, 0, '2019-11-27 21:31:15', '2019-11-27 21:31:15'),
(380, 177, 3, 2, 0, 0, '2019-11-27 21:31:15', '2019-11-27 21:31:15'),
(381, 177, 4, 2, 0, 0, '2019-11-27 21:31:15', '2019-11-27 21:31:15'),
(382, 178, 3, 2, 0, 0, '2019-11-27 21:31:15', '2019-11-27 21:31:15'),
(383, 179, 3, 3, 0, 0, '2019-11-27 21:31:15', '2019-11-27 21:31:15'),
(384, 180, 6, 1, 0, 0, '2019-11-27 21:31:15', '2019-11-27 21:31:15'),
(385, 181, 6, 2, 0, 0, '2019-11-27 21:31:15', '2019-11-27 21:31:15'),
(386, 181, 3, 2, 0, 0, '2019-11-27 21:31:15', '2019-11-27 21:31:15'),
(387, 181, 4, 3, 0, 0, '2019-11-27 21:31:15', '2019-11-27 21:31:15'),
(388, 181, 2, 2, 0, 0, '2019-11-27 21:31:15', '2019-11-27 21:31:15'),
(389, 182, 1, 3, 0, 0, '2019-11-27 21:31:15', '2019-11-27 21:31:15'),
(390, 182, 5, 3, 0, 0, '2019-11-27 21:31:15', '2019-11-27 21:31:15'),
(391, 182, 2, 1, 0, 0, '2019-11-27 21:31:15', '2019-11-27 21:31:15'),
(392, 183, 3, 1, 0, 0, '2019-11-27 21:31:15', '2019-11-27 21:31:15'),
(393, 183, 5, 1, 0, 0, '2019-11-27 21:31:15', '2019-11-27 21:31:15'),
(394, 183, 1, 1, 0, 0, '2019-11-27 21:31:15', '2019-11-27 21:31:15'),
(395, 183, 6, 2, 0, 0, '2019-11-27 21:31:15', '2019-11-27 21:31:15'),
(396, 184, 4, 3, 0, 0, '2019-11-27 21:31:15', '2019-11-27 21:31:15'),
(397, 184, 3, 3, 0, 0, '2019-11-27 21:31:15', '2019-11-27 21:31:15'),
(398, 185, 2, 1, 0, 0, '2019-11-27 21:31:15', '2019-11-27 21:31:15'),
(399, 185, 3, 2, 0, 0, '2019-11-27 21:31:15', '2019-11-27 21:31:15'),
(400, 186, 3, 2, 0, 0, '2019-11-27 21:31:15', '2019-11-27 21:31:15'),
(401, 186, 6, 2, 0, 0, '2019-11-27 21:31:15', '2019-11-27 21:31:15'),
(402, 186, 2, 1, 0, 0, '2019-11-27 21:31:15', '2019-11-27 21:31:15'),
(403, 186, 4, 2, 0, 0, '2019-11-27 21:31:15', '2019-11-27 21:31:15'),
(404, 187, 1, 1, 0, 0, '2019-11-27 21:31:15', '2019-11-27 21:31:15'),
(405, 187, 4, 1, 0, 0, '2019-11-27 21:31:15', '2019-11-27 21:31:15'),
(406, 188, 5, 1, 0, 0, '2019-11-27 21:31:15', '2019-11-27 21:31:15'),
(407, 188, 2, 2, 0, 0, '2019-11-27 21:31:15', '2019-11-27 21:31:15'),
(408, 188, 3, 1, 0, 0, '2019-11-27 21:31:15', '2019-11-27 21:31:15'),
(409, 188, 4, 1, 0, 0, '2019-11-27 21:31:15', '2019-11-27 21:31:15'),
(410, 189, 3, 2, 0, 0, '2019-11-27 21:31:15', '2019-11-27 21:31:15'),
(411, 189, 4, 2, 0, 0, '2019-11-27 21:31:15', '2019-11-27 21:31:15'),
(412, 190, 5, 1, 0, 0, '2019-11-27 21:31:15', '2019-11-27 21:31:15'),
(413, 190, 6, 1, 0, 0, '2019-11-27 21:31:15', '2019-11-27 21:31:15'),
(414, 191, 6, 3, 0, 0, '2019-11-27 21:31:15', '2019-11-27 21:31:15'),
(415, 192, 4, 3, 0, 0, '2019-11-27 21:31:15', '2019-11-27 21:31:15'),
(416, 193, 1, 2, 0, 0, '2019-11-27 21:31:15', '2019-11-27 21:31:15'),
(417, 193, 2, 2, 0, 0, '2019-11-27 21:31:15', '2019-11-27 21:31:15'),
(418, 193, 4, 2, 0, 0, '2019-11-27 21:31:15', '2019-11-27 21:31:15'),
(419, 194, 5, 3, 0, 0, '2019-11-27 21:31:15', '2019-11-27 21:31:15'),
(420, 195, 4, 1, 0, 0, '2019-11-27 21:31:15', '2019-11-27 21:31:15'),
(421, 196, 6, 3, 0, 0, '2019-11-27 21:31:15', '2019-11-27 21:31:15'),
(422, 196, 4, 3, 0, 0, '2019-11-27 21:31:15', '2019-11-27 21:31:15'),
(423, 197, 3, 2, 0, 0, '2019-11-27 21:31:15', '2019-11-27 21:31:15'),
(424, 197, 1, 2, 0, 0, '2019-11-27 21:31:15', '2019-11-27 21:31:15'),
(425, 197, 5, 1, 0, 0, '2019-11-27 21:31:15', '2019-11-27 21:31:15'),
(426, 198, 6, 3, 0, 0, '2019-11-27 21:31:15', '2019-11-27 21:31:15'),
(427, 198, 5, 3, 0, 0, '2019-11-27 21:31:15', '2019-11-27 21:31:15'),
(428, 198, 1, 3, 0, 0, '2019-11-27 21:31:15', '2019-11-27 21:31:15'),
(429, 199, 6, 3, 0, 0, '2019-11-27 21:31:15', '2019-11-27 21:31:15'),
(430, 199, 5, 1, 0, 0, '2019-11-27 21:31:15', '2019-11-27 21:31:15'),
(431, 200, 5, 1, 0, 0, '2019-11-27 21:31:15', '2019-11-27 21:31:15'),
(432, 200, 1, 3, 0, 0, '2019-11-27 21:31:15', '2019-11-27 21:31:15');

-- --------------------------------------------------------

--
-- Table structure for table `orders_items.backup`
--

CREATE TABLE `orders_items.backup` (
  `order_item_id` bigint(11) UNSIGNED NOT NULL,
  `order_id` bigint(20) UNSIGNED NOT NULL,
  `product_id` bigint(20) UNSIGNED NOT NULL,
  `quantity` int(11) NOT NULL DEFAULT '1',
  `refund` bigint(20) DEFAULT '0',
  `resend_amount` int(11) NOT NULL DEFAULT '0',
  `created_at` timestamp NULL DEFAULT CURRENT_TIMESTAMP,
  `updated_at` timestamp NOT NULL DEFAULT CURRENT_TIMESTAMP ON UPDATE CURRENT_TIMESTAMP
) ENGINE=InnoDB DEFAULT CHARSET=utf8 COLLATE=utf8_unicode_ci;

--
-- Dumping data for table `orders_items.backup`
--

INSERT INTO `orders_items.backup` (`order_item_id`, `order_id`, `product_id`, `quantity`, `refund`, `resend_amount`, `created_at`, `updated_at`) VALUES
(1, 1, 2, 2, 0, 0, '2019-11-26 05:33:02', '2019-11-26 05:33:02'),
(2, 1, 4, 3, 0, 0, '2019-11-26 05:33:11', '2019-11-26 05:33:11'),
(3, 1, 6, 2, 0, 0, '2019-11-26 05:33:22', '2019-11-26 05:33:22'),
(4, 2, 1, 5, 0, 0, '2019-11-26 06:21:19', '2019-11-26 06:21:19'),
(5, 2, 2, 1, 0, 0, '2019-11-26 06:21:26', '2019-11-26 06:21:26'),
(6, 2, 5, 2, 0, 0, '2019-11-26 06:21:32', '2019-11-26 06:21:32'),
(7, 3, 3, 1, 0, 0, '2019-11-27 03:48:03', '2019-11-27 03:48:03'),
(8, 3, 2, 1, 0, 0, '2019-11-27 03:48:03', '2019-11-27 03:48:03'),
(9, 4, 2, 2, 0, 0, '2019-11-27 04:35:50', '2019-11-27 04:44:38'),
(12, 5, 6, 3, 0, 0, '2019-11-27 16:35:07', '2019-11-27 16:35:07'),
(13, 6, 1, 3, 0, 0, '2019-11-27 16:35:28', '2019-11-27 16:35:28'),
(14, 8, 3, 3, 0, 0, '2019-11-27 16:36:03', '2019-11-27 16:36:03'),
(15, 8, 4, 2, 0, 0, '2019-11-27 17:50:10', '2019-11-27 17:50:10'),
(17, 10, 6, 2, 0, 0, '2019-11-27 17:50:47', '2019-11-27 17:50:47'),
(18, 10, 2, 3, 0, 0, '2019-11-27 17:50:56', '2019-11-27 17:50:56'),
(22, 11, 4, 3, 0, 0, '2019-11-27 17:51:23', '2019-11-27 17:51:23'),
(23, 11, 1, 2, 0, 0, '2019-11-27 17:51:34', '2019-11-27 17:51:34'),
(24, 11, 6, 1, 0, 0, '2019-11-27 17:51:43', '2019-11-27 17:51:43'),
(26, 12, 6, 2, 0, 0, '2019-11-27 17:52:00', '2019-11-27 17:52:00'),
(27, 13, 3, 2, 0, 0, '2019-11-27 17:59:02', '2019-11-27 17:59:02'),
(28, 13, 2, 3, 0, 0, '2019-11-27 17:59:09', '2019-11-27 17:59:09'),
(29, 13, 5, 3, 0, 0, '2019-11-27 19:30:47', '2019-11-27 19:30:47'),
(31, 13, 6, 1, 0, 0, '2019-11-27 19:32:18', '2019-11-27 19:32:18'),
(32, 14, 3, 4, 0, 0, '2019-11-27 19:32:30', '2019-11-27 19:32:30'),
(33, 14, 4, 1, 0, 0, '2019-11-27 19:32:37', '2019-11-27 19:32:37'),
(34, 14, 1, 3, 0, 0, '2019-11-27 19:32:45', '2019-11-27 19:32:45');

-- --------------------------------------------------------

--
-- Table structure for table `print_sheet`
--

CREATE TABLE `print_sheet` (
  `ps_id` int(10) UNSIGNED NOT NULL,
  `type` enum('ecom','test') COLLATE utf8_unicode_ci NOT NULL DEFAULT 'ecom',
  `sheet_url` varchar(255) COLLATE utf8_unicode_ci NOT NULL,
  `created_at` timestamp NOT NULL DEFAULT CURRENT_TIMESTAMP,
  `updated_at` timestamp NOT NULL DEFAULT CURRENT_TIMESTAMP ON UPDATE CURRENT_TIMESTAMP
) ENGINE=InnoDB DEFAULT CHARSET=utf8 COLLATE=utf8_unicode_ci;

--
-- Dumping data for table `print_sheet`
--

INSERT INTO `print_sheet` (`ps_id`, `type`, `sheet_url`, `created_at`, `updated_at`) VALUES
(1, 'test', '/public/archive/1574890452.csv', '2019-11-28 02:34:12', '2019-11-28 02:34:12'),
(2, 'test', '/public/archive/1574890452.csv', '2019-11-28 02:34:12', '2019-11-28 02:34:12'),
(3, 'test', '/public/archive/1574890452.csv', '2019-11-28 02:34:12', '2019-11-28 02:34:12'),
(4, 'test', '/public/archive/1574890452.csv', '2019-11-28 02:34:12', '2019-11-28 02:34:12'),
(5, 'test', '/public/archive/1574890453.csv', '2019-11-28 02:34:13', '2019-11-28 02:34:13'),
(6, 'test', '/public/archive/1574890453.csv', '2019-11-28 02:34:13', '2019-11-28 02:34:13'),
(7, 'test', '/public/archive/1574890453.csv', '2019-11-28 02:34:13', '2019-11-28 02:34:13'),
(8, 'test', '/public/archive/1574890453.csv', '2019-11-28 02:34:13', '2019-11-28 02:34:13'),
(9, 'test', '/public/archive/1574890453.csv', '2019-11-28 02:34:13', '2019-11-28 02:34:13'),
(10, 'test', '/public/archive/1574890453.csv', '2019-11-28 02:34:13', '2019-11-28 02:34:13'),
(11, 'test', '/public/archive/1574890453.csv', '2019-11-28 02:34:13', '2019-11-28 02:34:13'),
(12, 'test', '/public/archive/1574890453.csv', '2019-11-28 02:34:13', '2019-11-28 02:34:13'),
(13, 'test', '/public/archive/1574890453.csv', '2019-11-28 02:34:13', '2019-11-28 02:34:13'),
(14, 'test', '/public/archive/1574890453.csv', '2019-11-28 02:34:13', '2019-11-28 02:34:13'),
(15, 'test', '/public/archive/1574890453.csv', '2019-11-28 02:34:13', '2019-11-28 02:34:13'),
(16, 'test', '/public/archive/1574890453.csv', '2019-11-28 02:34:13', '2019-11-28 02:34:13'),
(17, 'test', '/public/archive/1574890453.csv', '2019-11-28 02:34:13', '2019-11-28 02:34:13'),
(18, 'test', '/public/archive/1574890453.csv', '2019-11-28 02:34:13', '2019-11-28 02:34:13'),
(19, 'test', '/public/archive/1574890453.csv', '2019-11-28 02:34:13', '2019-11-28 02:34:13'),
(20, 'test', '/public/archive/1574890453.csv', '2019-11-28 02:34:13', '2019-11-28 02:34:13'),
(21, 'test', '/public/archive/1574890453.csv', '2019-11-28 02:34:13', '2019-11-28 02:34:13'),
(22, 'test', '/public/archive/1574890453.csv', '2019-11-28 02:34:13', '2019-11-28 02:34:13'),
(23, 'test', '/public/archive/1574890453.csv', '2019-11-28 02:34:13', '2019-11-28 02:34:13'),
(24, 'test', '/public/archive/1574890453.csv', '2019-11-28 02:34:13', '2019-11-28 02:34:13'),
(25, 'test', '/public/archive/1574890453.csv', '2019-11-28 02:34:13', '2019-11-28 02:34:13'),
(26, 'test', '/public/archive/1574890453.csv', '2019-11-28 02:34:13', '2019-11-28 02:34:13'),
(27, 'test', '/public/archive/1574890453.csv', '2019-11-28 02:34:13', '2019-11-28 02:34:13'),
(28, 'test', '/public/archive/1574890453.csv', '2019-11-28 02:34:13', '2019-11-28 02:34:13'),
(29, 'test', '/public/archive/1574890453.csv', '2019-11-28 02:34:13', '2019-11-28 02:34:13'),
(30, 'test', '/public/archive/1574890453.csv', '2019-11-28 02:34:13', '2019-11-28 02:34:13'),
(31, 'test', '/public/archive/1574890453.csv', '2019-11-28 02:34:13', '2019-11-28 02:34:13'),
(32, 'test', '/public/archive/1574890453.csv', '2019-11-28 02:34:13', '2019-11-28 02:34:13'),
(33, 'test', '/public/archive/1574890453.csv', '2019-11-28 02:34:13', '2019-11-28 02:34:13'),
(34, 'test', '/public/archive/1574890453.csv', '2019-11-28 02:34:13', '2019-11-28 02:34:13'),
(35, 'test', '/public/archive/1574890453.csv', '2019-11-28 02:34:13', '2019-11-28 02:34:13'),
(36, 'test', '/public/archive/1574890453.csv', '2019-11-28 02:34:13', '2019-11-28 02:34:13'),
(37, 'test', '/public/archive/1574890453.csv', '2019-11-28 02:34:13', '2019-11-28 02:34:13'),
(38, 'test', '/public/archive/1574890453.csv', '2019-11-28 02:34:13', '2019-11-28 02:34:13'),
(39, 'test', '/public/archive/1574890453.csv', '2019-11-28 02:34:13', '2019-11-28 02:34:13'),
(40, 'test', '/public/archive/1574890453.csv', '2019-11-28 02:34:13', '2019-11-28 02:34:13'),
(41, 'test', '/public/archive/1574890453.csv', '2019-11-28 02:34:13', '2019-11-28 02:34:13'),
(42, 'test', '/public/archive/1574890453.csv', '2019-11-28 02:34:13', '2019-11-28 02:34:13'),
(43, 'test', '/public/archive/1574890453.csv', '2019-11-28 02:34:13', '2019-11-28 02:34:13'),
(44, 'test', '/public/archive/1574890453.csv', '2019-11-28 02:34:13', '2019-11-28 02:34:13'),
(45, 'test', '/public/archive/1574890453.csv', '2019-11-28 02:34:13', '2019-11-28 02:34:13'),
(46, 'test', '/public/archive/1574890453.csv', '2019-11-28 02:34:13', '2019-11-28 02:34:13'),
(47, 'test', '/public/archive/1574890454.csv', '2019-11-28 02:34:14', '2019-11-28 02:34:14'),
(48, 'test', '/public/archive/1574890454.csv', '2019-11-28 02:34:14', '2019-11-28 02:34:14'),
(49, 'test', '/public/archive/1574890454.csv', '2019-11-28 02:34:14', '2019-11-28 02:34:14'),
(50, 'test', '/public/archive/1574890454.csv', '2019-11-28 02:34:14', '2019-11-28 02:34:14'),
(51, 'test', '/public/archive/1574890454.csv', '2019-11-28 02:34:14', '2019-11-28 02:34:14'),
(52, 'test', '/public/archive/1574890454.csv', '2019-11-28 02:34:14', '2019-11-28 02:34:14'),
(53, 'test', '/public/archive/1574890454.csv', '2019-11-28 02:34:14', '2019-11-28 02:34:14'),
(54, 'test', '/public/archive/1574890454.csv', '2019-11-28 02:34:14', '2019-11-28 02:34:14'),
(55, 'test', '/public/archive/1574890454.csv', '2019-11-28 02:34:14', '2019-11-28 02:34:14'),
(56, 'test', '/public/archive/1574890454.csv', '2019-11-28 02:34:14', '2019-11-28 02:34:14'),
(57, 'test', '/public/archive/1574890454.csv', '2019-11-28 02:34:14', '2019-11-28 02:34:14'),
(58, 'test', '/public/archive/1574890454.csv', '2019-11-28 02:34:14', '2019-11-28 02:34:14'),
(59, 'test', '/public/archive/1574890454.csv', '2019-11-28 02:34:14', '2019-11-28 02:34:14'),
(60, 'test', '/public/archive/1574890454.csv', '2019-11-28 02:34:14', '2019-11-28 02:34:14'),
(61, 'test', '/public/archive/1574890454.csv', '2019-11-28 02:34:14', '2019-11-28 02:34:14'),
(62, 'test', '/public/archive/1574890454.csv', '2019-11-28 02:34:14', '2019-11-28 02:34:14'),
(63, 'test', '/public/archive/1574890454.csv', '2019-11-28 02:34:14', '2019-11-28 02:34:14'),
(64, 'test', '/public/archive/1574890454.csv', '2019-11-28 02:34:14', '2019-11-28 02:34:14'),
(65, 'test', '/public/archive/1574890454.csv', '2019-11-28 02:34:14', '2019-11-28 02:34:14'),
(66, 'test', '/public/archive/1574890454.csv', '2019-11-28 02:34:14', '2019-11-28 02:34:14'),
(67, 'test', '/public/archive/1574890454.csv', '2019-11-28 02:34:14', '2019-11-28 02:34:14'),
(68, 'test', '/public/archive/1574890454.csv', '2019-11-28 02:34:14', '2019-11-28 02:34:14');

-- --------------------------------------------------------

--
-- Table structure for table `print_sheet_item`
--

CREATE TABLE `print_sheet_item` (
  `psi_id` int(10) UNSIGNED NOT NULL,
  `ps_id` int(10) UNSIGNED NOT NULL,
  `order_item_id` bigint(20) UNSIGNED NOT NULL,
  `status` enum('pass','reject','complete') COLLATE utf8_unicode_ci NOT NULL DEFAULT 'pass',
  `image_url` varchar(255) COLLATE utf8_unicode_ci NOT NULL,
  `size` varchar(255) COLLATE utf8_unicode_ci NOT NULL,
  `x_pos` int(11) NOT NULL,
  `y_pos` int(11) NOT NULL,
  `width` int(11) NOT NULL,
  `height` int(11) NOT NULL,
  `identifier` varchar(255) COLLATE utf8_unicode_ci NOT NULL,
  `created_at` timestamp NOT NULL DEFAULT CURRENT_TIMESTAMP,
  `updated_at` timestamp NOT NULL DEFAULT CURRENT_TIMESTAMP ON UPDATE CURRENT_TIMESTAMP
) ENGINE=InnoDB DEFAULT CHARSET=utf8 COLLATE=utf8_unicode_ci;

--
-- Dumping data for table `print_sheet_item`
--

INSERT INTO `print_sheet_item` (`psi_id`, `ps_id`, `order_item_id`, `status`, `image_url`, `size`, `x_pos`, `y_pos`, `width`, `height`, `identifier`, `created_at`, `updated_at`) VALUES
(1, 1, 1, 'pass', '', '4x4', 0, 0, 4, 4, 'item', '2019-11-28 02:34:12', '2019-11-28 02:34:12'),
(2, 1, 3, 'pass', '', '2x5', 4, 0, 2, 5, 'item', '2019-11-28 02:34:12', '2019-11-28 02:34:12'),
(3, 1, 2, 'pass', '', '4x4', 6, 0, 4, 4, 'item', '2019-11-28 02:34:12', '2019-11-28 02:34:12'),
(4, 1, 2, 'pass', '', '4x4', 0, 4, 4, 4, 'item', '2019-11-28 02:34:12', '2019-11-28 02:34:12'),
(5, 1, 3, 'pass', '', '2x5', 6, 4, 2, 5, 'item', '2019-11-28 02:34:12', '2019-11-28 02:34:12'),
(6, 1, 4, 'pass', '', '3x3', 0, 8, 3, 3, 'item', '2019-11-28 02:34:12', '2019-11-28 02:34:12'),
(7, 1, 4, 'pass', '', '3x3', 3, 8, 3, 3, 'item', '2019-11-28 02:34:12', '2019-11-28 02:34:12'),
(8, 1, 5, 'pass', '', '4x4', 6, 9, 4, 4, 'item', '2019-11-28 02:34:12', '2019-11-28 02:34:12'),
(9, 1, 6, 'pass', '', '2x2', 8, 4, 2, 2, 'item', '2019-11-28 02:34:12', '2019-11-28 02:34:12'),
(10, 1, 7, 'pass', '', '3x3', 0, 11, 3, 3, 'item', '2019-11-28 02:34:12', '2019-11-28 02:34:12'),
(11, 1, 6, 'pass', '', '2x2', 4, 5, 2, 2, 'item', '2019-11-28 02:34:12', '2019-11-28 02:34:12'),
(12, 1, 8, 'pass', '', '1x1', 8, 6, 1, 1, 'item', '2019-11-28 02:34:12', '2019-11-28 02:34:12'),
(13, 1, 8, 'pass', '', '1x1', 9, 6, 1, 1, 'item', '2019-11-28 02:34:12', '2019-11-28 02:34:12'),
(14, 1, 8, 'pass', '', '1x1', 4, 7, 1, 1, 'item', '2019-11-28 02:34:12', '2019-11-28 02:34:12'),
(15, 1, 6, 'pass', '', '2x2', 8, 7, 2, 2, 'item', '2019-11-28 02:34:12', '2019-11-28 02:34:12'),
(16, 1, 15, 'pass', '', '2x2', 3, 11, 2, 2, 'item', '2019-11-28 02:34:12', '2019-11-28 02:34:12'),
(17, 1, 15, 'pass', '', '2x2', 8, 13, 2, 2, 'item', '2019-11-28 02:34:12', '2019-11-28 02:34:12'),
(18, 1, 16, 'pass', '', '1x1', 5, 7, 1, 1, 'item', '2019-11-28 02:34:12', '2019-11-28 02:34:12'),
(19, 1, 22, 'pass', '', '1x1', 5, 11, 1, 1, 'item', '2019-11-28 02:34:12', '2019-11-28 02:34:12'),
(20, 2, 9, 'pass', '', '2x5', 0, 0, 2, 5, 'item', '2019-11-28 02:34:12', '2019-11-28 02:34:12'),
(21, 2, 9, 'pass', '', '2x5', 2, 0, 2, 5, 'item', '2019-11-28 02:34:12', '2019-11-28 02:34:12'),
(22, 2, 9, 'pass', '', '2x5', 4, 0, 2, 5, 'item', '2019-11-28 02:34:12', '2019-11-28 02:34:12'),
(23, 2, 12, 'pass', '', '5x2', 0, 5, 5, 2, 'item', '2019-11-28 02:34:12', '2019-11-28 02:34:12'),
(24, 2, 10, 'pass', '', '3x3', 6, 0, 3, 3, 'item', '2019-11-28 02:34:12', '2019-11-28 02:34:12'),
(25, 2, 10, 'pass', '', '3x3', 6, 3, 3, 3, 'item', '2019-11-28 02:34:12', '2019-11-28 02:34:12'),
(26, 2, 12, 'pass', '', '5x2', 5, 6, 5, 2, 'item', '2019-11-28 02:34:12', '2019-11-28 02:34:12'),
(27, 2, 11, 'pass', '', '2x2', 0, 7, 2, 2, 'item', '2019-11-28 02:34:12', '2019-11-28 02:34:12'),
(28, 2, 14, 'pass', '', '3x3', 2, 7, 3, 3, 'item', '2019-11-28 02:34:12', '2019-11-28 02:34:12'),
(29, 2, 13, 'pass', '', '2x2', 5, 8, 2, 2, 'item', '2019-11-28 02:34:12', '2019-11-28 02:34:12'),
(30, 2, 14, 'pass', '', '3x3', 7, 8, 3, 3, 'item', '2019-11-28 02:34:12', '2019-11-28 02:34:12'),
(31, 2, 13, 'pass', '', '2x2', 0, 9, 2, 2, 'item', '2019-11-28 02:34:12', '2019-11-28 02:34:12'),
(32, 2, 13, 'pass', '', '2x2', 2, 10, 2, 2, 'item', '2019-11-28 02:34:12', '2019-11-28 02:34:12'),
(33, 2, 14, 'pass', '', '3x3', 4, 10, 3, 3, 'item', '2019-11-28 02:34:12', '2019-11-28 02:34:12'),
(34, 2, 88, 'pass', '', '1x1', 8, 14, 1, 1, 'item', '2019-11-28 02:34:12', '2019-11-28 02:34:12'),
(35, 3, 18, 'pass', '', '3x3', 0, 0, 3, 3, 'item', '2019-11-28 02:34:12', '2019-11-28 02:34:12'),
(36, 3, 18, 'pass', '', '3x3', 3, 0, 3, 3, 'item', '2019-11-28 02:34:12', '2019-11-28 02:34:12'),
(37, 3, 17, 'pass', '', '5x2', 0, 3, 5, 2, 'item', '2019-11-28 02:34:12', '2019-11-28 02:34:12'),
(38, 3, 17, 'pass', '', '5x2', 5, 3, 5, 2, 'item', '2019-11-28 02:34:12', '2019-11-28 02:34:12'),
(39, 3, 17, 'pass', '', '5x2', 0, 5, 5, 2, 'item', '2019-11-28 02:34:12', '2019-11-28 02:34:12'),
(40, 3, 19, 'pass', '', '2x5', 5, 5, 2, 5, 'item', '2019-11-28 02:34:12', '2019-11-28 02:34:12'),
(41, 3, 19, 'pass', '', '2x5', 7, 5, 2, 5, 'item', '2019-11-28 02:34:12', '2019-11-28 02:34:12'),
(42, 3, 20, 'pass', '', '3x3', 6, 0, 3, 3, 'item', '2019-11-28 02:34:12', '2019-11-28 02:34:12'),
(43, 3, 20, 'pass', '', '3x3', 0, 7, 3, 3, 'item', '2019-11-28 02:34:12', '2019-11-28 02:34:12'),
(44, 3, 20, 'pass', '', '3x3', 0, 10, 3, 3, 'item', '2019-11-28 02:34:12', '2019-11-28 02:34:12'),
(45, 3, 21, 'pass', '', '5x2', 3, 10, 5, 2, 'item', '2019-11-28 02:34:12', '2019-11-28 02:34:12'),
(46, 3, 120, 'pass', '', '1x1', 2, 14, 1, 1, 'item', '2019-11-28 02:34:12', '2019-11-28 02:34:12'),
(47, 3, 120, 'pass', '', '1x1', 3, 14, 1, 1, 'item', '2019-11-28 02:34:12', '2019-11-28 02:34:12'),
(48, 3, 120, 'pass', '', '1x1', 4, 14, 1, 1, 'item', '2019-11-28 02:34:12', '2019-11-28 02:34:12'),
(49, 3, 130, 'pass', '', '1x1', 6, 14, 1, 1, 'item', '2019-11-28 02:34:12', '2019-11-28 02:34:12'),
(50, 3, 130, 'pass', '', '1x1', 7, 14, 1, 1, 'item', '2019-11-28 02:34:12', '2019-11-28 02:34:12'),
(51, 4, 24, 'pass', '', '5x2', 0, 0, 5, 2, 'item', '2019-11-28 02:34:12', '2019-11-28 02:34:12'),
(52, 4, 24, 'pass', '', '5x2', 5, 0, 5, 2, 'item', '2019-11-28 02:34:12', '2019-11-28 02:34:12'),
(53, 4, 23, 'pass', '', '4x4', 0, 2, 4, 4, 'item', '2019-11-28 02:34:12', '2019-11-28 02:34:12'),
(54, 4, 26, 'pass', '', '2x2', 4, 2, 2, 2, 'item', '2019-11-28 02:34:12', '2019-11-28 02:34:12'),
(55, 4, 25, 'pass', '', '1x1', 6, 2, 1, 1, 'item', '2019-11-28 02:34:12', '2019-11-28 02:34:12'),
(56, 4, 27, 'pass', '', '2x5', 7, 2, 2, 5, 'item', '2019-11-28 02:34:12', '2019-11-28 02:34:12'),
(57, 4, 27, 'pass', '', '2x5', 4, 4, 2, 5, 'item', '2019-11-28 02:34:12', '2019-11-28 02:34:12'),
(58, 4, 27, 'pass', '', '2x5', 0, 6, 2, 5, 'item', '2019-11-28 02:34:12', '2019-11-28 02:34:12'),
(59, 4, 28, 'pass', '', '2x2', 2, 6, 2, 2, 'item', '2019-11-28 02:34:12', '2019-11-28 02:34:12'),
(60, 4, 28, 'pass', '', '2x2', 6, 7, 2, 2, 'item', '2019-11-28 02:34:12', '2019-11-28 02:34:12'),
(61, 4, 29, 'pass', '', '2x5', 8, 7, 2, 5, 'item', '2019-11-28 02:34:12', '2019-11-28 02:34:12'),
(62, 4, 29, 'pass', '', '2x5', 2, 8, 2, 5, 'item', '2019-11-28 02:34:13', '2019-11-28 02:34:13'),
(63, 4, 30, 'pass', '', '3x3', 4, 9, 3, 3, 'item', '2019-11-28 02:34:13', '2019-11-28 02:34:13'),
(64, 4, 30, 'pass', '', '3x3', 4, 12, 3, 3, 'item', '2019-11-28 02:34:13', '2019-11-28 02:34:13'),
(65, 4, 30, 'pass', '', '3x3', 7, 12, 3, 3, 'item', '2019-11-28 02:34:13', '2019-11-28 02:34:13'),
(66, 4, 56, 'pass', '', '1x1', 6, 4, 1, 1, 'item', '2019-11-28 02:34:13', '2019-11-28 02:34:13'),
(67, 4, 55, 'pass', '', '2x2', 2, 13, 2, 2, 'item', '2019-11-28 02:34:13', '2019-11-28 02:34:13'),
(68, 5, 32, 'pass', '', '5x2', 0, 0, 5, 2, 'item', '2019-11-28 02:34:13', '2019-11-28 02:34:13'),
(69, 5, 33, 'pass', '', '1x1', 5, 0, 1, 1, 'item', '2019-11-28 02:34:13', '2019-11-28 02:34:13'),
(70, 5, 32, 'pass', '', '5x2', 5, 1, 5, 2, 'item', '2019-11-28 02:34:13', '2019-11-28 02:34:13'),
(71, 5, 33, 'pass', '', '1x1', 6, 0, 1, 1, 'item', '2019-11-28 02:34:13', '2019-11-28 02:34:13'),
(72, 5, 33, 'pass', '', '1x1', 7, 0, 1, 1, 'item', '2019-11-28 02:34:13', '2019-11-28 02:34:13'),
(73, 5, 31, 'pass', '', '4x4', 0, 2, 4, 4, 'item', '2019-11-28 02:34:13', '2019-11-28 02:34:13'),
(74, 5, 31, 'pass', '', '4x4', 4, 3, 4, 4, 'item', '2019-11-28 02:34:13', '2019-11-28 02:34:13'),
(75, 5, 32, 'pass', '', '5x2', 0, 7, 5, 2, 'item', '2019-11-28 02:34:13', '2019-11-28 02:34:13'),
(76, 5, 40, 'pass', '', '1x1', 8, 0, 1, 1, 'item', '2019-11-28 02:34:13', '2019-11-28 02:34:13'),
(77, 5, 39, 'pass', '', '3x3', 0, 11, 3, 3, 'item', '2019-11-28 02:34:13', '2019-11-28 02:34:13'),
(78, 5, 39, 'pass', '', '3x3', 3, 11, 3, 3, 'item', '2019-11-28 02:34:13', '2019-11-28 02:34:13'),
(79, 5, 48, 'pass', '', '3x3', 6, 11, 3, 3, 'item', '2019-11-28 02:34:13', '2019-11-28 02:34:13'),
(80, 5, 196, 'pass', '', '1x1', 2, 14, 1, 1, 'item', '2019-11-28 02:34:13', '2019-11-28 02:34:13'),
(81, 5, 196, 'pass', '', '1x1', 3, 14, 1, 1, 'item', '2019-11-28 02:34:13', '2019-11-28 02:34:13'),
(82, 5, 196, 'pass', '', '1x1', 4, 14, 1, 1, 'item', '2019-11-28 02:34:13', '2019-11-28 02:34:13'),
(83, 5, 199, 'pass', '', '1x1', 5, 14, 1, 1, 'item', '2019-11-28 02:34:13', '2019-11-28 02:34:13'),
(84, 6, 34, 'pass', '', '4x4', 0, 0, 4, 4, 'item', '2019-11-28 02:34:13', '2019-11-28 02:34:13'),
(85, 6, 35, 'pass', '', '5x2', 4, 0, 5, 2, 'item', '2019-11-28 02:34:13', '2019-11-28 02:34:13'),
(86, 6, 36, 'pass', '', '2x5', 4, 2, 2, 5, 'item', '2019-11-28 02:34:13', '2019-11-28 02:34:13'),
(87, 6, 35, 'pass', '', '5x2', 0, 7, 5, 2, 'item', '2019-11-28 02:34:13', '2019-11-28 02:34:13'),
(88, 6, 36, 'pass', '', '2x5', 6, 2, 2, 5, 'item', '2019-11-28 02:34:13', '2019-11-28 02:34:13'),
(89, 6, 34, 'pass', '', '4x4', 5, 7, 4, 4, 'item', '2019-11-28 02:34:13', '2019-11-28 02:34:13'),
(90, 6, 36, 'pass', '', '2x5', 8, 2, 2, 5, 'item', '2019-11-28 02:34:13', '2019-11-28 02:34:13'),
(91, 7, 38, 'pass', '', '2x5', 0, 0, 2, 5, 'item', '2019-11-28 02:34:13', '2019-11-28 02:34:13'),
(92, 7, 37, 'pass', '', '5x2', 2, 0, 5, 2, 'item', '2019-11-28 02:34:13', '2019-11-28 02:34:13'),
(93, 7, 38, 'pass', '', '2x5', 7, 0, 2, 5, 'item', '2019-11-28 02:34:13', '2019-11-28 02:34:13'),
(94, 7, 42, 'pass', '', '2x2', 2, 2, 2, 2, 'item', '2019-11-28 02:34:13', '2019-11-28 02:34:13'),
(95, 7, 42, 'pass', '', '2x2', 4, 2, 2, 2, 'item', '2019-11-28 02:34:13', '2019-11-28 02:34:13'),
(96, 7, 43, 'pass', '', '5x2', 2, 4, 5, 2, 'item', '2019-11-28 02:34:13', '2019-11-28 02:34:13'),
(97, 7, 42, 'pass', '', '2x2', 0, 5, 2, 2, 'item', '2019-11-28 02:34:13', '2019-11-28 02:34:13'),
(98, 7, 43, 'pass', '', '5x2', 2, 6, 5, 2, 'item', '2019-11-28 02:34:13', '2019-11-28 02:34:13'),
(99, 7, 44, 'pass', '', '3x3', 7, 5, 3, 3, 'item', '2019-11-28 02:34:13', '2019-11-28 02:34:13'),
(100, 7, 44, 'pass', '', '3x3', 0, 8, 3, 3, 'item', '2019-11-28 02:34:13', '2019-11-28 02:34:13'),
(101, 7, 44, 'pass', '', '3x3', 3, 8, 3, 3, 'item', '2019-11-28 02:34:13', '2019-11-28 02:34:13'),
(102, 7, 41, 'pass', '', '4x4', 6, 8, 4, 4, 'item', '2019-11-28 02:34:13', '2019-11-28 02:34:13'),
(103, 7, 49, 'pass', '', '3x3', 0, 11, 3, 3, 'item', '2019-11-28 02:34:13', '2019-11-28 02:34:13'),
(104, 7, 49, 'pass', '', '3x3', 3, 11, 3, 3, 'item', '2019-11-28 02:34:13', '2019-11-28 02:34:13'),
(105, 7, 50, 'pass', '', '1x1', 9, 0, 1, 1, 'item', '2019-11-28 02:34:13', '2019-11-28 02:34:13'),
(106, 7, 50, 'pass', '', '1x1', 9, 1, 1, 1, 'item', '2019-11-28 02:34:13', '2019-11-28 02:34:13'),
(107, 7, 51, 'pass', '', '3x3', 6, 12, 3, 3, 'item', '2019-11-28 02:34:13', '2019-11-28 02:34:13'),
(108, 8, 47, 'pass', '', '2x5', 0, 0, 2, 5, 'item', '2019-11-28 02:34:13', '2019-11-28 02:34:13'),
(109, 8, 45, 'pass', '', '2x2', 2, 0, 2, 2, 'item', '2019-11-28 02:34:13', '2019-11-28 02:34:13'),
(110, 8, 45, 'pass', '', '2x2', 4, 0, 2, 2, 'item', '2019-11-28 02:34:13', '2019-11-28 02:34:13'),
(111, 8, 46, 'pass', '', '3x3', 6, 0, 3, 3, 'item', '2019-11-28 02:34:13', '2019-11-28 02:34:13'),
(112, 8, 45, 'pass', '', '2x2', 2, 2, 2, 2, 'item', '2019-11-28 02:34:13', '2019-11-28 02:34:13'),
(113, 8, 46, 'pass', '', '3x3', 4, 3, 3, 3, 'item', '2019-11-28 02:34:13', '2019-11-28 02:34:13'),
(114, 8, 52, 'pass', '', '3x3', 7, 3, 3, 3, 'item', '2019-11-28 02:34:13', '2019-11-28 02:34:13'),
(115, 8, 52, 'pass', '', '3x3', 0, 5, 3, 3, 'item', '2019-11-28 02:34:13', '2019-11-28 02:34:13'),
(116, 8, 54, 'pass', '', '3x3', 3, 6, 3, 3, 'item', '2019-11-28 02:34:13', '2019-11-28 02:34:13'),
(117, 8, 53, 'pass', '', '2x2', 6, 6, 2, 2, 'item', '2019-11-28 02:34:13', '2019-11-28 02:34:13'),
(118, 8, 53, 'pass', '', '2x2', 8, 6, 2, 2, 'item', '2019-11-28 02:34:13', '2019-11-28 02:34:13'),
(119, 8, 54, 'pass', '', '3x3', 0, 8, 3, 3, 'item', '2019-11-28 02:34:13', '2019-11-28 02:34:13'),
(120, 8, 57, 'pass', '', '1x1', 9, 0, 1, 1, 'item', '2019-11-28 02:34:13', '2019-11-28 02:34:13'),
(121, 8, 58, 'pass', '', '3x3', 6, 8, 3, 3, 'item', '2019-11-28 02:34:13', '2019-11-28 02:34:13'),
(122, 8, 59, 'pass', '', '4x4', 0, 11, 4, 4, 'item', '2019-11-28 02:34:13', '2019-11-28 02:34:13'),
(123, 8, 60, 'pass', '', '2x2', 3, 9, 2, 2, 'item', '2019-11-28 02:34:13', '2019-11-28 02:34:13'),
(124, 8, 58, 'pass', '', '3x3', 4, 11, 3, 3, 'item', '2019-11-28 02:34:13', '2019-11-28 02:34:13'),
(125, 8, 58, 'pass', '', '3x3', 7, 11, 3, 3, 'item', '2019-11-28 02:34:13', '2019-11-28 02:34:13'),
(126, 8, 57, 'pass', '', '1x1', 9, 1, 1, 1, 'item', '2019-11-28 02:34:13', '2019-11-28 02:34:13'),
(127, 9, 62, 'pass', '', '4x4', 0, 0, 4, 4, 'item', '2019-11-28 02:34:13', '2019-11-28 02:34:13'),
(128, 9, 63, 'pass', '', '1x1', 4, 0, 1, 1, 'item', '2019-11-28 02:34:13', '2019-11-28 02:34:13'),
(129, 9, 61, 'pass', '', '2x5', 5, 0, 2, 5, 'item', '2019-11-28 02:34:13', '2019-11-28 02:34:13'),
(130, 9, 63, 'pass', '', '1x1', 7, 0, 1, 1, 'item', '2019-11-28 02:34:13', '2019-11-28 02:34:13'),
(131, 9, 61, 'pass', '', '2x5', 8, 0, 2, 5, 'item', '2019-11-28 02:34:13', '2019-11-28 02:34:13'),
(132, 9, 66, 'pass', '', '1x1', 4, 1, 1, 1, 'item', '2019-11-28 02:34:13', '2019-11-28 02:34:13'),
(133, 9, 65, 'pass', '', '2x2', 0, 4, 2, 2, 'item', '2019-11-28 02:34:13', '2019-11-28 02:34:13'),
(134, 9, 66, 'pass', '', '1x1', 7, 1, 1, 1, 'item', '2019-11-28 02:34:13', '2019-11-28 02:34:13'),
(135, 9, 65, 'pass', '', '2x2', 2, 4, 2, 2, 'item', '2019-11-28 02:34:13', '2019-11-28 02:34:13'),
(136, 9, 66, 'pass', '', '1x1', 4, 2, 1, 1, 'item', '2019-11-28 02:34:13', '2019-11-28 02:34:13'),
(137, 9, 64, 'pass', '', '3x3', 4, 5, 3, 3, 'item', '2019-11-28 02:34:13', '2019-11-28 02:34:13'),
(138, 9, 64, 'pass', '', '3x3', 7, 5, 3, 3, 'item', '2019-11-28 02:34:13', '2019-11-28 02:34:13'),
(139, 9, 69, 'pass', '', '1x1', 7, 2, 1, 1, 'item', '2019-11-28 02:34:13', '2019-11-28 02:34:13'),
(140, 9, 68, 'pass', '', '2x2', 0, 6, 2, 2, 'item', '2019-11-28 02:34:13', '2019-11-28 02:34:13'),
(141, 9, 68, 'pass', '', '2x2', 2, 6, 2, 2, 'item', '2019-11-28 02:34:13', '2019-11-28 02:34:13'),
(142, 9, 67, 'pass', '', '2x5', 0, 8, 2, 5, 'item', '2019-11-28 02:34:13', '2019-11-28 02:34:13'),
(143, 9, 67, 'pass', '', '2x5', 2, 8, 2, 5, 'item', '2019-11-28 02:34:13', '2019-11-28 02:34:13'),
(144, 9, 69, 'pass', '', '1x1', 4, 3, 1, 1, 'item', '2019-11-28 02:34:13', '2019-11-28 02:34:13'),
(145, 9, 69, 'pass', '', '1x1', 7, 3, 1, 1, 'item', '2019-11-28 02:34:13', '2019-11-28 02:34:13'),
(146, 9, 70, 'pass', '', '2x2', 4, 8, 2, 2, 'item', '2019-11-28 02:34:13', '2019-11-28 02:34:13'),
(147, 9, 71, 'pass', '', '2x5', 6, 8, 2, 5, 'item', '2019-11-28 02:34:13', '2019-11-28 02:34:13'),
(148, 9, 71, 'pass', '', '2x5', 8, 8, 2, 5, 'item', '2019-11-28 02:34:13', '2019-11-28 02:34:13'),
(149, 9, 71, 'pass', '', '2x5', 4, 10, 2, 5, 'item', '2019-11-28 02:34:13', '2019-11-28 02:34:13'),
(150, 9, 93, 'pass', '', '2x2', 2, 13, 2, 2, 'item', '2019-11-28 02:34:13', '2019-11-28 02:34:13'),
(151, 10, 74, 'pass', '', '5x2', 0, 0, 5, 2, 'item', '2019-11-28 02:34:13', '2019-11-28 02:34:13'),
(152, 10, 72, 'pass', '', '2x2', 5, 0, 2, 2, 'item', '2019-11-28 02:34:13', '2019-11-28 02:34:13'),
(153, 10, 73, 'pass', '', '1x1', 7, 0, 1, 1, 'item', '2019-11-28 02:34:13', '2019-11-28 02:34:13'),
(154, 10, 73, 'pass', '', '1x1', 8, 0, 1, 1, 'item', '2019-11-28 02:34:13', '2019-11-28 02:34:13'),
(155, 10, 73, 'pass', '', '1x1', 9, 0, 1, 1, 'item', '2019-11-28 02:34:13', '2019-11-28 02:34:13'),
(156, 10, 72, 'pass', '', '2x2', 7, 1, 2, 2, 'item', '2019-11-28 02:34:13', '2019-11-28 02:34:13'),
(157, 10, 75, 'pass', '', '1x1', 9, 1, 1, 1, 'item', '2019-11-28 02:34:13', '2019-11-28 02:34:13'),
(158, 10, 76, 'pass', '', '5x2', 0, 2, 5, 2, 'item', '2019-11-28 02:34:13', '2019-11-28 02:34:13'),
(159, 10, 76, 'pass', '', '5x2', 5, 3, 5, 2, 'item', '2019-11-28 02:34:13', '2019-11-28 02:34:13'),
(160, 10, 75, 'pass', '', '1x1', 5, 2, 1, 1, 'item', '2019-11-28 02:34:13', '2019-11-28 02:34:13'),
(161, 10, 76, 'pass', '', '5x2', 0, 4, 5, 2, 'item', '2019-11-28 02:34:13', '2019-11-28 02:34:13'),
(162, 10, 77, 'pass', '', '1x1', 6, 2, 1, 1, 'item', '2019-11-28 02:34:13', '2019-11-28 02:34:13'),
(163, 10, 78, 'pass', '', '4x4', 5, 5, 4, 4, 'item', '2019-11-28 02:34:13', '2019-11-28 02:34:13'),
(164, 11, 79, 'pass', '', '1x1', 0, 0, 1, 1, 'item', '2019-11-28 02:34:13', '2019-11-28 02:34:13'),
(165, 11, 79, 'pass', '', '1x1', 1, 0, 1, 1, 'item', '2019-11-28 02:34:13', '2019-11-28 02:34:13'),
(166, 11, 81, 'pass', '', '4x4', 2, 0, 4, 4, 'item', '2019-11-28 02:34:13', '2019-11-28 02:34:13'),
(167, 11, 81, 'pass', '', '4x4', 6, 0, 4, 4, 'item', '2019-11-28 02:34:13', '2019-11-28 02:34:13'),
(168, 11, 79, 'pass', '', '1x1', 0, 1, 1, 1, 'item', '2019-11-28 02:34:13', '2019-11-28 02:34:13'),
(169, 11, 80, 'pass', '', '3x3', 0, 4, 3, 3, 'item', '2019-11-28 02:34:13', '2019-11-28 02:34:13'),
(170, 11, 81, 'pass', '', '4x4', 3, 4, 4, 4, 'item', '2019-11-28 02:34:13', '2019-11-28 02:34:13'),
(171, 11, 80, 'pass', '', '3x3', 7, 4, 3, 3, 'item', '2019-11-28 02:34:13', '2019-11-28 02:34:13'),
(172, 11, 80, 'pass', '', '3x3', 0, 7, 3, 3, 'item', '2019-11-28 02:34:13', '2019-11-28 02:34:13'),
(173, 11, 83, 'pass', '', '3x3', 7, 7, 3, 3, 'item', '2019-11-28 02:34:13', '2019-11-28 02:34:13'),
(174, 11, 82, 'pass', '', '2x2', 0, 2, 2, 2, 'item', '2019-11-28 02:34:13', '2019-11-28 02:34:13'),
(175, 11, 82, 'pass', '', '2x2', 3, 8, 2, 2, 'item', '2019-11-28 02:34:13', '2019-11-28 02:34:13'),
(176, 11, 83, 'pass', '', '3x3', 0, 10, 3, 3, 'item', '2019-11-28 02:34:13', '2019-11-28 02:34:13'),
(177, 11, 83, 'pass', '', '3x3', 3, 10, 3, 3, 'item', '2019-11-28 02:34:13', '2019-11-28 02:34:13'),
(178, 12, 86, 'pass', '', '2x5', 0, 0, 2, 5, 'item', '2019-11-28 02:34:13', '2019-11-28 02:34:13'),
(179, 12, 85, 'pass', '', '2x2', 2, 0, 2, 2, 'item', '2019-11-28 02:34:13', '2019-11-28 02:34:13'),
(180, 12, 86, 'pass', '', '2x5', 4, 0, 2, 5, 'item', '2019-11-28 02:34:13', '2019-11-28 02:34:13'),
(181, 12, 85, 'pass', '', '2x2', 6, 0, 2, 2, 'item', '2019-11-28 02:34:13', '2019-11-28 02:34:13'),
(182, 12, 86, 'pass', '', '2x5', 8, 0, 2, 5, 'item', '2019-11-28 02:34:13', '2019-11-28 02:34:13'),
(183, 12, 84, 'pass', '', '3x3', 0, 5, 3, 3, 'item', '2019-11-28 02:34:13', '2019-11-28 02:34:13'),
(184, 12, 84, 'pass', '', '3x3', 3, 5, 3, 3, 'item', '2019-11-28 02:34:13', '2019-11-28 02:34:13'),
(185, 12, 84, 'pass', '', '3x3', 6, 5, 3, 3, 'item', '2019-11-28 02:34:13', '2019-11-28 02:34:13'),
(186, 12, 87, 'pass', '', '2x5', 0, 8, 2, 5, 'item', '2019-11-28 02:34:13', '2019-11-28 02:34:13'),
(187, 12, 90, 'pass', '', '2x5', 2, 8, 2, 5, 'item', '2019-11-28 02:34:13', '2019-11-28 02:34:13'),
(188, 12, 89, 'pass', '', '2x2', 2, 2, 2, 2, 'item', '2019-11-28 02:34:13', '2019-11-28 02:34:13'),
(189, 12, 89, 'pass', '', '2x2', 6, 2, 2, 2, 'item', '2019-11-28 02:34:13', '2019-11-28 02:34:13'),
(190, 12, 91, 'pass', '', '3x3', 4, 8, 3, 3, 'item', '2019-11-28 02:34:13', '2019-11-28 02:34:13'),
(191, 12, 92, 'pass', '', '4x4', 4, 11, 4, 4, 'item', '2019-11-28 02:34:13', '2019-11-28 02:34:13'),
(192, 12, 91, 'pass', '', '3x3', 7, 8, 3, 3, 'item', '2019-11-28 02:34:13', '2019-11-28 02:34:13'),
(193, 13, 95, 'pass', '', '3x3', 0, 0, 3, 3, 'item', '2019-11-28 02:34:13', '2019-11-28 02:34:13'),
(194, 13, 94, 'pass', '', '2x2', 3, 0, 2, 2, 'item', '2019-11-28 02:34:13', '2019-11-28 02:34:13'),
(195, 13, 96, 'pass', '', '3x3', 5, 0, 3, 3, 'item', '2019-11-28 02:34:13', '2019-11-28 02:34:13'),
(196, 13, 96, 'pass', '', '3x3', 0, 3, 3, 3, 'item', '2019-11-28 02:34:13', '2019-11-28 02:34:13'),
(197, 13, 97, 'pass', '', '2x2', 8, 0, 2, 2, 'item', '2019-11-28 02:34:13', '2019-11-28 02:34:13'),
(198, 13, 97, 'pass', '', '2x2', 3, 2, 2, 2, 'item', '2019-11-28 02:34:13', '2019-11-28 02:34:13'),
(199, 13, 96, 'pass', '', '3x3', 5, 3, 3, 3, 'item', '2019-11-28 02:34:13', '2019-11-28 02:34:13'),
(200, 13, 107, 'pass', '', '2x5', 8, 2, 2, 5, 'item', '2019-11-28 02:34:13', '2019-11-28 02:34:13'),
(201, 13, 108, 'pass', '', '1x1', 3, 4, 1, 1, 'item', '2019-11-28 02:34:13', '2019-11-28 02:34:13'),
(202, 13, 106, 'pass', '', '2x2', 8, 7, 2, 2, 'item', '2019-11-28 02:34:13', '2019-11-28 02:34:13'),
(203, 13, 106, 'pass', '', '2x2', 3, 10, 2, 2, 'item', '2019-11-28 02:34:13', '2019-11-28 02:34:13'),
(204, 13, 106, 'pass', '', '2x2', 3, 12, 2, 2, 'item', '2019-11-28 02:34:13', '2019-11-28 02:34:13'),
(205, 14, 100, 'pass', '', '5x2', 0, 0, 5, 2, 'item', '2019-11-28 02:34:13', '2019-11-28 02:34:13'),
(206, 14, 98, 'pass', '', '3x3', 5, 0, 3, 3, 'item', '2019-11-28 02:34:13', '2019-11-28 02:34:13'),
(207, 14, 100, 'pass', '', '5x2', 0, 2, 5, 2, 'item', '2019-11-28 02:34:13', '2019-11-28 02:34:13'),
(208, 14, 99, 'pass', '', '4x4', 5, 3, 4, 4, 'item', '2019-11-28 02:34:13', '2019-11-28 02:34:13'),
(209, 14, 98, 'pass', '', '3x3', 0, 4, 3, 3, 'item', '2019-11-28 02:34:13', '2019-11-28 02:34:13'),
(210, 14, 98, 'pass', '', '3x3', 0, 7, 3, 3, 'item', '2019-11-28 02:34:13', '2019-11-28 02:34:13'),
(211, 14, 100, 'pass', '', '5x2', 3, 7, 5, 2, 'item', '2019-11-28 02:34:13', '2019-11-28 02:34:13'),
(212, 14, 339, 'pass', '', '1x1', 4, 14, 1, 1, 'item', '2019-11-28 02:34:13', '2019-11-28 02:34:13'),
(213, 14, 339, 'pass', '', '1x1', 5, 14, 1, 1, 'item', '2019-11-28 02:34:13', '2019-11-28 02:34:13'),
(214, 14, 339, 'pass', '', '1x1', 6, 14, 1, 1, 'item', '2019-11-28 02:34:13', '2019-11-28 02:34:13'),
(215, 15, 101, 'pass', '', '3x3', 0, 0, 3, 3, 'item', '2019-11-28 02:34:13', '2019-11-28 02:34:13'),
(216, 15, 101, 'pass', '', '3x3', 3, 0, 3, 3, 'item', '2019-11-28 02:34:13', '2019-11-28 02:34:13'),
(217, 15, 101, 'pass', '', '3x3', 6, 0, 3, 3, 'item', '2019-11-28 02:34:13', '2019-11-28 02:34:13'),
(218, 15, 102, 'pass', '', '2x5', 0, 3, 2, 5, 'item', '2019-11-28 02:34:13', '2019-11-28 02:34:13'),
(219, 15, 102, 'pass', '', '2x5', 2, 3, 2, 5, 'item', '2019-11-28 02:34:13', '2019-11-28 02:34:13'),
(220, 15, 105, 'pass', '', '4x4', 4, 3, 4, 4, 'item', '2019-11-28 02:34:13', '2019-11-28 02:34:13'),
(221, 15, 104, 'pass', '', '3x3', 4, 7, 3, 3, 'item', '2019-11-28 02:34:13', '2019-11-28 02:34:13'),
(222, 15, 103, 'pass', '', '5x2', 0, 10, 5, 2, 'item', '2019-11-28 02:34:13', '2019-11-28 02:34:13'),
(223, 15, 104, 'pass', '', '3x3', 7, 7, 3, 3, 'item', '2019-11-28 02:34:13', '2019-11-28 02:34:13'),
(224, 15, 103, 'pass', '', '5x2', 5, 10, 5, 2, 'item', '2019-11-28 02:34:13', '2019-11-28 02:34:13'),
(225, 15, 119, 'pass', '', '2x2', 8, 3, 2, 2, 'item', '2019-11-28 02:34:13', '2019-11-28 02:34:13'),
(226, 15, 118, 'pass', '', '5x2', 5, 12, 5, 2, 'item', '2019-11-28 02:34:13', '2019-11-28 02:34:13'),
(227, 15, 119, 'pass', '', '2x2', 8, 5, 2, 2, 'item', '2019-11-28 02:34:13', '2019-11-28 02:34:13'),
(228, 16, 110, 'pass', '', '2x5', 0, 0, 2, 5, 'item', '2019-11-28 02:34:13', '2019-11-28 02:34:13'),
(229, 16, 111, 'pass', '', '5x2', 2, 0, 5, 2, 'item', '2019-11-28 02:34:13', '2019-11-28 02:34:13'),
(230, 16, 111, 'pass', '', '5x2', 2, 2, 5, 2, 'item', '2019-11-28 02:34:13', '2019-11-28 02:34:13'),
(231, 16, 110, 'pass', '', '2x5', 7, 0, 2, 5, 'item', '2019-11-28 02:34:13', '2019-11-28 02:34:13'),
(232, 16, 109, 'pass', '', '4x4', 2, 4, 4, 4, 'item', '2019-11-28 02:34:13', '2019-11-28 02:34:13'),
(233, 16, 112, 'pass', '', '5x2', 0, 8, 5, 2, 'item', '2019-11-28 02:34:13', '2019-11-28 02:34:13'),
(234, 16, 113, 'pass', '', '2x5', 6, 5, 2, 5, 'item', '2019-11-28 02:34:13', '2019-11-28 02:34:13'),
(235, 16, 114, 'pass', '', '4x4', 0, 10, 4, 4, 'item', '2019-11-28 02:34:13', '2019-11-28 02:34:13'),
(236, 16, 116, 'pass', '', '5x2', 4, 10, 5, 2, 'item', '2019-11-28 02:34:13', '2019-11-28 02:34:13'),
(237, 16, 115, 'pass', '', '1x1', 9, 0, 1, 1, 'item', '2019-11-28 02:34:13', '2019-11-28 02:34:13'),
(238, 16, 115, 'pass', '', '1x1', 9, 1, 1, 1, 'item', '2019-11-28 02:34:13', '2019-11-28 02:34:13'),
(239, 17, 117, 'pass', '', '2x5', 0, 0, 2, 5, 'item', '2019-11-28 02:34:13', '2019-11-28 02:34:13'),
(240, 17, 117, 'pass', '', '2x5', 2, 0, 2, 5, 'item', '2019-11-28 02:34:13', '2019-11-28 02:34:13'),
(241, 17, 117, 'pass', '', '2x5', 4, 0, 2, 5, 'item', '2019-11-28 02:34:13', '2019-11-28 02:34:13'),
(242, 17, 121, 'pass', '', '1x1', 6, 0, 1, 1, 'item', '2019-11-28 02:34:13', '2019-11-28 02:34:13'),
(243, 17, 122, 'pass', '', '3x3', 7, 0, 3, 3, 'item', '2019-11-28 02:34:13', '2019-11-28 02:34:13'),
(244, 17, 121, 'pass', '', '1x1', 6, 1, 1, 1, 'item', '2019-11-28 02:34:13', '2019-11-28 02:34:13'),
(245, 17, 122, 'pass', '', '3x3', 6, 3, 3, 3, 'item', '2019-11-28 02:34:13', '2019-11-28 02:34:13'),
(246, 17, 122, 'pass', '', '3x3', 0, 5, 3, 3, 'item', '2019-11-28 02:34:13', '2019-11-28 02:34:13'),
(247, 17, 123, 'pass', '', '2x5', 3, 5, 2, 5, 'item', '2019-11-28 02:34:13', '2019-11-28 02:34:13'),
(248, 17, 123, 'pass', '', '2x5', 5, 6, 2, 5, 'item', '2019-11-28 02:34:13', '2019-11-28 02:34:13'),
(249, 17, 124, 'pass', '', '1x1', 6, 2, 1, 1, 'item', '2019-11-28 02:34:13', '2019-11-28 02:34:13'),
(250, 17, 123, 'pass', '', '2x5', 7, 6, 2, 5, 'item', '2019-11-28 02:34:13', '2019-11-28 02:34:13'),
(251, 18, 126, 'pass', '', '4x4', 0, 0, 4, 4, 'item', '2019-11-28 02:34:13', '2019-11-28 02:34:13'),
(252, 18, 125, 'pass', '', '2x2', 4, 0, 2, 2, 'item', '2019-11-28 02:34:13', '2019-11-28 02:34:13'),
(253, 18, 126, 'pass', '', '4x4', 6, 0, 4, 4, 'item', '2019-11-28 02:34:13', '2019-11-28 02:34:13'),
(254, 18, 126, 'pass', '', '4x4', 0, 4, 4, 4, 'item', '2019-11-28 02:34:13', '2019-11-28 02:34:13'),
(255, 18, 127, 'pass', '', '2x5', 4, 2, 2, 5, 'item', '2019-11-28 02:34:13', '2019-11-28 02:34:13'),
(256, 18, 128, 'pass', '', '3x3', 6, 4, 3, 3, 'item', '2019-11-28 02:34:13', '2019-11-28 02:34:13'),
(257, 18, 129, 'pass', '', '2x2', 4, 7, 2, 2, 'item', '2019-11-28 02:34:13', '2019-11-28 02:34:13'),
(258, 18, 128, 'pass', '', '3x3', 6, 7, 3, 3, 'item', '2019-11-28 02:34:13', '2019-11-28 02:34:13'),
(259, 18, 129, 'pass', '', '2x2', 0, 8, 2, 2, 'item', '2019-11-28 02:34:13', '2019-11-28 02:34:13'),
(260, 18, 129, 'pass', '', '2x2', 2, 8, 2, 2, 'item', '2019-11-28 02:34:13', '2019-11-28 02:34:13'),
(261, 18, 131, 'pass', '', '5x2', 0, 10, 5, 2, 'item', '2019-11-28 02:34:13', '2019-11-28 02:34:13'),
(262, 18, 131, 'pass', '', '5x2', 5, 10, 5, 2, 'item', '2019-11-28 02:34:13', '2019-11-28 02:34:13'),
(263, 18, 132, 'pass', '', '1x1', 9, 4, 1, 1, 'item', '2019-11-28 02:34:13', '2019-11-28 02:34:13'),
(264, 18, 133, 'pass', '', '3x3', 0, 12, 3, 3, 'item', '2019-11-28 02:34:13', '2019-11-28 02:34:13'),
(265, 18, 132, 'pass', '', '1x1', 9, 5, 1, 1, 'item', '2019-11-28 02:34:13', '2019-11-28 02:34:13'),
(266, 18, 132, 'pass', '', '1x1', 9, 6, 1, 1, 'item', '2019-11-28 02:34:13', '2019-11-28 02:34:13'),
(267, 18, 133, 'pass', '', '3x3', 3, 12, 3, 3, 'item', '2019-11-28 02:34:13', '2019-11-28 02:34:13'),
(268, 18, 133, 'pass', '', '3x3', 6, 12, 3, 3, 'item', '2019-11-28 02:34:13', '2019-11-28 02:34:13'),
(269, 19, 135, 'pass', '', '3x3', 0, 0, 3, 3, 'item', '2019-11-28 02:34:13', '2019-11-28 02:34:13'),
(270, 19, 136, 'pass', '', '5x2', 3, 0, 5, 2, 'item', '2019-11-28 02:34:13', '2019-11-28 02:34:13'),
(271, 19, 136, 'pass', '', '5x2', 3, 2, 5, 2, 'item', '2019-11-28 02:34:13', '2019-11-28 02:34:13'),
(272, 19, 135, 'pass', '', '3x3', 0, 3, 3, 3, 'item', '2019-11-28 02:34:13', '2019-11-28 02:34:13'),
(273, 19, 134, 'pass', '', '4x4', 3, 4, 4, 4, 'item', '2019-11-28 02:34:13', '2019-11-28 02:34:13'),
(274, 19, 135, 'pass', '', '3x3', 7, 4, 3, 3, 'item', '2019-11-28 02:34:13', '2019-11-28 02:34:13'),
(275, 19, 134, 'pass', '', '4x4', 0, 8, 4, 4, 'item', '2019-11-28 02:34:13', '2019-11-28 02:34:13'),
(276, 19, 134, 'pass', '', '4x4', 4, 8, 4, 4, 'item', '2019-11-28 02:34:13', '2019-11-28 02:34:13'),
(277, 20, 137, 'pass', '', '5x2', 0, 0, 5, 2, 'item', '2019-11-28 02:34:13', '2019-11-28 02:34:13'),
(278, 20, 138, 'pass', '', '1x1', 5, 0, 1, 1, 'item', '2019-11-28 02:34:13', '2019-11-28 02:34:13'),
(279, 20, 137, 'pass', '', '5x2', 5, 1, 5, 2, 'item', '2019-11-28 02:34:13', '2019-11-28 02:34:13'),
(280, 20, 138, 'pass', '', '1x1', 6, 0, 1, 1, 'item', '2019-11-28 02:34:13', '2019-11-28 02:34:13'),
(281, 20, 138, 'pass', '', '1x1', 7, 0, 1, 1, 'item', '2019-11-28 02:34:13', '2019-11-28 02:34:13'),
(282, 20, 137, 'pass', '', '5x2', 0, 2, 5, 2, 'item', '2019-11-28 02:34:13', '2019-11-28 02:34:13'),
(283, 20, 140, 'pass', '', '5x2', 5, 3, 5, 2, 'item', '2019-11-28 02:34:13', '2019-11-28 02:34:13'),
(284, 20, 140, 'pass', '', '5x2', 0, 4, 5, 2, 'item', '2019-11-28 02:34:13', '2019-11-28 02:34:13'),
(285, 20, 139, 'pass', '', '3x3', 5, 5, 3, 3, 'item', '2019-11-28 02:34:13', '2019-11-28 02:34:13'),
(286, 20, 139, 'pass', '', '3x3', 0, 6, 3, 3, 'item', '2019-11-28 02:34:13', '2019-11-28 02:34:13'),
(287, 20, 140, 'pass', '', '5x2', 3, 8, 5, 2, 'item', '2019-11-28 02:34:13', '2019-11-28 02:34:13'),
(288, 20, 139, 'pass', '', '3x3', 0, 9, 3, 3, 'item', '2019-11-28 02:34:13', '2019-11-28 02:34:13'),
(289, 21, 141, 'pass', '', '2x5', 0, 0, 2, 5, 'item', '2019-11-28 02:34:13', '2019-11-28 02:34:13'),
(290, 21, 141, 'pass', '', '2x5', 2, 0, 2, 5, 'item', '2019-11-28 02:34:13', '2019-11-28 02:34:13'),
(291, 21, 142, 'pass', '', '2x2', 4, 0, 2, 2, 'item', '2019-11-28 02:34:13', '2019-11-28 02:34:13'),
(292, 21, 143, 'pass', '', '3x3', 6, 0, 3, 3, 'item', '2019-11-28 02:34:13', '2019-11-28 02:34:13'),
(293, 21, 141, 'pass', '', '2x5', 4, 2, 2, 5, 'item', '2019-11-28 02:34:13', '2019-11-28 02:34:13'),
(294, 21, 143, 'pass', '', '3x3', 6, 3, 3, 3, 'item', '2019-11-28 02:34:13', '2019-11-28 02:34:13'),
(295, 21, 143, 'pass', '', '3x3', 0, 5, 3, 3, 'item', '2019-11-28 02:34:13', '2019-11-28 02:34:13'),
(296, 21, 146, 'pass', '', '1x1', 9, 0, 1, 1, 'item', '2019-11-28 02:34:13', '2019-11-28 02:34:13'),
(297, 21, 144, 'pass', '', '3x3', 6, 6, 3, 3, 'item', '2019-11-28 02:34:13', '2019-11-28 02:34:13'),
(298, 21, 144, 'pass', '', '3x3', 3, 7, 3, 3, 'item', '2019-11-28 02:34:13', '2019-11-28 02:34:13'),
(299, 21, 145, 'pass', '', '2x5', 0, 8, 2, 5, 'item', '2019-11-28 02:34:13', '2019-11-28 02:34:13'),
(300, 21, 145, 'pass', '', '2x5', 6, 9, 2, 5, 'item', '2019-11-28 02:34:13', '2019-11-28 02:34:13'),
(301, 21, 146, 'pass', '', '1x1', 9, 1, 1, 1, 'item', '2019-11-28 02:34:13', '2019-11-28 02:34:13'),
(302, 21, 146, 'pass', '', '1x1', 9, 2, 1, 1, 'item', '2019-11-28 02:34:13', '2019-11-28 02:34:13'),
(303, 21, 144, 'pass', '', '3x3', 2, 10, 3, 3, 'item', '2019-11-28 02:34:13', '2019-11-28 02:34:13'),
(304, 21, 145, 'pass', '', '2x5', 8, 9, 2, 5, 'item', '2019-11-28 02:34:13', '2019-11-28 02:34:13'),
(305, 21, 415, 'pass', '', '1x1', 6, 14, 1, 1, 'item', '2019-11-28 02:34:13', '2019-11-28 02:34:13'),
(306, 21, 415, 'pass', '', '1x1', 7, 14, 1, 1, 'item', '2019-11-28 02:34:13', '2019-11-28 02:34:13'),
(307, 21, 415, 'pass', '', '1x1', 8, 14, 1, 1, 'item', '2019-11-28 02:34:13', '2019-11-28 02:34:13'),
(308, 22, 148, 'pass', '', '4x4', 0, 0, 4, 4, 'item', '2019-11-28 02:34:13', '2019-11-28 02:34:13'),
(309, 22, 148, 'pass', '', '4x4', 4, 0, 4, 4, 'item', '2019-11-28 02:34:13', '2019-11-28 02:34:13'),
(310, 22, 147, 'pass', '', '2x2', 8, 0, 2, 2, 'item', '2019-11-28 02:34:13', '2019-11-28 02:34:13'),
(311, 22, 147, 'pass', '', '2x2', 8, 2, 2, 2, 'item', '2019-11-28 02:34:13', '2019-11-28 02:34:13'),
(312, 22, 147, 'pass', '', '2x2', 0, 4, 2, 2, 'item', '2019-11-28 02:34:13', '2019-11-28 02:34:13'),
(313, 22, 149, 'pass', '', '3x3', 2, 4, 3, 3, 'item', '2019-11-28 02:34:13', '2019-11-28 02:34:13'),
(314, 22, 149, 'pass', '', '3x3', 5, 4, 3, 3, 'item', '2019-11-28 02:34:13', '2019-11-28 02:34:13'),
(315, 22, 149, 'pass', '', '3x3', 0, 7, 3, 3, 'item', '2019-11-28 02:34:13', '2019-11-28 02:34:13'),
(316, 22, 151, 'pass', '', '5x2', 3, 7, 5, 2, 'item', '2019-11-28 02:34:13', '2019-11-28 02:34:13'),
(317, 22, 151, 'pass', '', '5x2', 3, 9, 5, 2, 'item', '2019-11-28 02:34:13', '2019-11-28 02:34:13'),
(318, 22, 151, 'pass', '', '5x2', 0, 11, 5, 2, 'item', '2019-11-28 02:34:13', '2019-11-28 02:34:13'),
(319, 22, 150, 'pass', '', '2x5', 8, 4, 2, 5, 'item', '2019-11-28 02:34:13', '2019-11-28 02:34:13'),
(320, 23, 152, 'pass', '', '4x4', 0, 0, 4, 4, 'item', '2019-11-28 02:34:13', '2019-11-28 02:34:13'),
(321, 23, 152, 'pass', '', '4x4', 4, 0, 4, 4, 'item', '2019-11-28 02:34:13', '2019-11-28 02:34:13'),
(322, 23, 152, 'pass', '', '4x4', 0, 4, 4, 4, 'item', '2019-11-28 02:34:13', '2019-11-28 02:34:13'),
(323, 23, 153, 'pass', '', '2x5', 8, 0, 2, 5, 'item', '2019-11-28 02:34:13', '2019-11-28 02:34:13'),
(324, 23, 162, 'pass', '', '3x3', 0, 8, 3, 3, 'item', '2019-11-28 02:34:13', '2019-11-28 02:34:13'),
(325, 23, 161, 'pass', '', '5x2', 5, 12, 5, 2, 'item', '2019-11-28 02:34:13', '2019-11-28 02:34:13'),
(326, 23, 161, 'pass', '', '5x2', 0, 13, 5, 2, 'item', '2019-11-28 02:34:13', '2019-11-28 02:34:13'),
(327, 23, 420, 'pass', '', '1x1', 9, 14, 1, 1, 'item', '2019-11-28 02:34:13', '2019-11-28 02:34:13'),
(328, 24, 157, 'pass', '', '5x2', 0, 0, 5, 2, 'item', '2019-11-28 02:34:13', '2019-11-28 02:34:13'),
(329, 24, 154, 'pass', '', '4x4', 5, 0, 4, 4, 'item', '2019-11-28 02:34:13', '2019-11-28 02:34:13'),
(330, 24, 156, 'pass', '', '2x5', 0, 2, 2, 5, 'item', '2019-11-28 02:34:13', '2019-11-28 02:34:13'),
(331, 24, 157, 'pass', '', '5x2', 2, 4, 5, 2, 'item', '2019-11-28 02:34:13', '2019-11-28 02:34:13'),
(332, 24, 156, 'pass', '', '2x5', 7, 4, 2, 5, 'item', '2019-11-28 02:34:13', '2019-11-28 02:34:13'),
(333, 24, 156, 'pass', '', '2x5', 2, 6, 2, 5, 'item', '2019-11-28 02:34:13', '2019-11-28 02:34:13'),
(334, 24, 155, 'pass', '', '3x3', 4, 6, 3, 3, 'item', '2019-11-28 02:34:13', '2019-11-28 02:34:13'),
(335, 24, 155, 'pass', '', '3x3', 4, 9, 3, 3, 'item', '2019-11-28 02:34:13', '2019-11-28 02:34:13'),
(336, 24, 155, 'pass', '', '3x3', 7, 9, 3, 3, 'item', '2019-11-28 02:34:13', '2019-11-28 02:34:13'),
(337, 25, 160, 'pass', '', '2x5', 0, 0, 2, 5, 'item', '2019-11-28 02:34:13', '2019-11-28 02:34:13'),
(338, 25, 159, 'pass', '', '1x1', 2, 0, 1, 1, 'item', '2019-11-28 02:34:13', '2019-11-28 02:34:13'),
(339, 25, 160, 'pass', '', '2x5', 3, 0, 2, 5, 'item', '2019-11-28 02:34:13', '2019-11-28 02:34:13'),
(340, 25, 158, 'pass', '', '2x2', 5, 0, 2, 2, 'item', '2019-11-28 02:34:13', '2019-11-28 02:34:13'),
(341, 25, 164, 'pass', '', '3x3', 7, 0, 3, 3, 'item', '2019-11-28 02:34:13', '2019-11-28 02:34:13'),
(342, 25, 164, 'pass', '', '3x3', 5, 3, 3, 3, 'item', '2019-11-28 02:34:13', '2019-11-28 02:34:13'),
(343, 25, 163, 'pass', '', '5x2', 0, 5, 5, 2, 'item', '2019-11-28 02:34:13', '2019-11-28 02:34:13'),
(344, 25, 164, 'pass', '', '3x3', 5, 6, 3, 3, 'item', '2019-11-28 02:34:13', '2019-11-28 02:34:13'),
(345, 25, 163, 'pass', '', '5x2', 0, 7, 5, 2, 'item', '2019-11-28 02:34:13', '2019-11-28 02:34:13'),
(346, 25, 167, 'pass', '', '5x2', 0, 9, 5, 2, 'item', '2019-11-28 02:34:13', '2019-11-28 02:34:13'),
(347, 25, 167, 'pass', '', '5x2', 5, 9, 5, 2, 'item', '2019-11-28 02:34:13', '2019-11-28 02:34:13'),
(348, 25, 166, 'pass', '', '2x5', 8, 3, 2, 5, 'item', '2019-11-28 02:34:13', '2019-11-28 02:34:13'),
(349, 25, 165, 'pass', '', '4x4', 0, 11, 4, 4, 'item', '2019-11-28 02:34:13', '2019-11-28 02:34:13'),
(350, 25, 167, 'pass', '', '5x2', 4, 11, 5, 2, 'item', '2019-11-28 02:34:13', '2019-11-28 02:34:13'),
(351, 26, 168, 'pass', '', '5x2', 0, 0, 5, 2, 'item', '2019-11-28 02:34:13', '2019-11-28 02:34:13'),
(352, 26, 168, 'pass', '', '5x2', 5, 0, 5, 2, 'item', '2019-11-28 02:34:13', '2019-11-28 02:34:13'),
(353, 26, 170, 'pass', '', '3x3', 0, 2, 3, 3, 'item', '2019-11-28 02:34:13', '2019-11-28 02:34:13'),
(354, 26, 169, 'pass', '', '5x2', 3, 2, 5, 2, 'item', '2019-11-28 02:34:13', '2019-11-28 02:34:13'),
(355, 26, 169, 'pass', '', '5x2', 3, 4, 5, 2, 'item', '2019-11-28 02:34:13', '2019-11-28 02:34:13'),
(356, 26, 171, 'pass', '', '5x2', 0, 6, 5, 2, 'item', '2019-11-28 02:34:13', '2019-11-28 02:34:13'),
(357, 26, 171, 'pass', '', '5x2', 5, 6, 5, 2, 'item', '2019-11-28 02:34:13', '2019-11-28 02:34:13'),
(358, 26, 171, 'pass', '', '5x2', 0, 8, 5, 2, 'item', '2019-11-28 02:34:13', '2019-11-28 02:34:13'),
(359, 26, 172, 'pass', '', '2x2', 8, 2, 2, 2, 'item', '2019-11-28 02:34:13', '2019-11-28 02:34:13'),
(360, 26, 175, 'pass', '', '4x4', 5, 8, 4, 4, 'item', '2019-11-28 02:34:13', '2019-11-28 02:34:13'),
(361, 26, 172, 'pass', '', '2x2', 8, 4, 2, 2, 'item', '2019-11-28 02:34:13', '2019-11-28 02:34:13'),
(362, 26, 174, 'pass', '', '1x1', 0, 5, 1, 1, 'item', '2019-11-28 02:34:13', '2019-11-28 02:34:13'),
(363, 26, 173, 'pass', '', '2x5', 0, 10, 2, 5, 'item', '2019-11-28 02:34:13', '2019-11-28 02:34:13'),
(364, 26, 174, 'pass', '', '1x1', 1, 5, 1, 1, 'item', '2019-11-28 02:34:13', '2019-11-28 02:34:13'),
(365, 26, 174, 'pass', '', '1x1', 2, 5, 1, 1, 'item', '2019-11-28 02:34:13', '2019-11-28 02:34:13'),
(366, 26, 173, 'pass', '', '2x5', 2, 10, 2, 5, 'item', '2019-11-28 02:34:13', '2019-11-28 02:34:13'),
(367, 26, 172, 'pass', '', '2x2', 4, 12, 2, 2, 'item', '2019-11-28 02:34:13', '2019-11-28 02:34:13'),
(368, 27, 177, 'pass', '', '3x3', 0, 0, 3, 3, 'item', '2019-11-28 02:34:13', '2019-11-28 02:34:13'),
(369, 27, 177, 'pass', '', '3x3', 3, 0, 3, 3, 'item', '2019-11-28 02:34:13', '2019-11-28 02:34:13'),
(370, 27, 176, 'pass', '', '4x4', 6, 0, 4, 4, 'item', '2019-11-28 02:34:13', '2019-11-28 02:34:13'),
(371, 27, 179, 'pass', '', '1x1', 0, 3, 1, 1, 'item', '2019-11-28 02:34:13', '2019-11-28 02:34:13'),
(372, 27, 179, 'pass', '', '1x1', 1, 3, 1, 1, 'item', '2019-11-28 02:34:13', '2019-11-28 02:34:13'),
(373, 27, 178, 'pass', '', '4x4', 2, 3, 4, 4, 'item', '2019-11-28 02:34:13', '2019-11-28 02:34:13'),
(374, 27, 180, 'pass', '', '4x4', 6, 4, 4, 4, 'item', '2019-11-28 02:34:13', '2019-11-28 02:34:13'),
(375, 27, 180, 'pass', '', '4x4', 0, 7, 4, 4, 'item', '2019-11-28 02:34:13', '2019-11-28 02:34:13'),
(376, 27, 181, 'pass', '', '2x2', 0, 4, 2, 2, 'item', '2019-11-28 02:34:13', '2019-11-28 02:34:13'),
(377, 27, 183, 'pass', '', '1x1', 0, 6, 1, 1, 'item', '2019-11-28 02:34:13', '2019-11-28 02:34:13'),
(378, 27, 181, 'pass', '', '2x2', 4, 7, 2, 2, 'item', '2019-11-28 02:34:13', '2019-11-28 02:34:13'),
(379, 27, 183, 'pass', '', '1x1', 1, 6, 1, 1, 'item', '2019-11-28 02:34:13', '2019-11-28 02:34:13'),
(380, 27, 182, 'pass', '', '4x4', 6, 8, 4, 4, 'item', '2019-11-28 02:34:13', '2019-11-28 02:34:13'),
(381, 27, 182, 'pass', '', '4x4', 0, 11, 4, 4, 'item', '2019-11-28 02:34:13', '2019-11-28 02:34:13'),
(382, 27, 181, 'pass', '', '2x2', 4, 9, 2, 2, 'item', '2019-11-28 02:34:13', '2019-11-28 02:34:13'),
(383, 28, 184, 'pass', '', '5x2', 0, 0, 5, 2, 'item', '2019-11-28 02:34:13', '2019-11-28 02:34:13'),
(384, 28, 187, 'pass', '', '4x4', 5, 0, 4, 4, 'item', '2019-11-28 02:34:13', '2019-11-28 02:34:13'),
(385, 28, 186, 'pass', '', '2x5', 0, 2, 2, 5, 'item', '2019-11-28 02:34:13', '2019-11-28 02:34:13'),
(386, 28, 186, 'pass', '', '2x5', 2, 2, 2, 5, 'item', '2019-11-28 02:34:13', '2019-11-28 02:34:13'),
(387, 28, 185, 'pass', '', '1x1', 9, 0, 1, 1, 'item', '2019-11-28 02:34:13', '2019-11-28 02:34:13'),
(388, 28, 187, 'pass', '', '4x4', 4, 4, 4, 4, 'item', '2019-11-28 02:34:13', '2019-11-28 02:34:13'),
(389, 28, 189, 'pass', '', '2x5', 8, 4, 2, 5, 'item', '2019-11-28 02:34:13', '2019-11-28 02:34:13'),
(390, 28, 189, 'pass', '', '2x5', 0, 7, 2, 5, 'item', '2019-11-28 02:34:13', '2019-11-28 02:34:13'),
(391, 28, 189, 'pass', '', '2x5', 2, 7, 2, 5, 'item', '2019-11-28 02:34:13', '2019-11-28 02:34:13'),
(392, 28, 188, 'pass', '', '3x3', 4, 8, 3, 3, 'item', '2019-11-28 02:34:13', '2019-11-28 02:34:13'),
(393, 28, 191, 'pass', '', '1x1', 9, 1, 1, 1, 'item', '2019-11-28 02:34:13', '2019-11-28 02:34:13'),
(394, 28, 190, 'pass', '', '4x4', 4, 11, 4, 4, 'item', '2019-11-28 02:34:13', '2019-11-28 02:34:13'),
(395, 28, 191, 'pass', '', '1x1', 4, 2, 1, 1, 'item', '2019-11-28 02:34:13', '2019-11-28 02:34:13'),
(396, 28, 191, 'pass', '', '1x1', 9, 2, 1, 1, 'item', '2019-11-28 02:34:13', '2019-11-28 02:34:13'),
(397, 28, 192, 'pass', '', '2x2', 7, 9, 2, 2, 'item', '2019-11-28 02:34:13', '2019-11-28 02:34:13'),
(398, 28, 192, 'pass', '', '2x2', 8, 11, 2, 2, 'item', '2019-11-28 02:34:13', '2019-11-28 02:34:13'),
(399, 29, 193, 'pass', '', '4x4', 0, 0, 4, 4, 'item', '2019-11-28 02:34:13', '2019-11-28 02:34:13'),
(400, 29, 195, 'pass', '', '5x2', 4, 0, 5, 2, 'item', '2019-11-28 02:34:13', '2019-11-28 02:34:13'),
(401, 29, 195, 'pass', '', '5x2', 4, 2, 5, 2, 'item', '2019-11-28 02:34:13', '2019-11-28 02:34:13'),
(402, 29, 194, 'pass', '', '1x1', 9, 0, 1, 1, 'item', '2019-11-28 02:34:13', '2019-11-28 02:34:13'),
(403, 29, 193, 'pass', '', '4x4', 0, 4, 4, 4, 'item', '2019-11-28 02:34:13', '2019-11-28 02:34:13'),
(404, 29, 194, 'pass', '', '1x1', 9, 1, 1, 1, 'item', '2019-11-28 02:34:13', '2019-11-28 02:34:13'),
(405, 29, 197, 'pass', '', '4x4', 4, 4, 4, 4, 'item', '2019-11-28 02:34:13', '2019-11-28 02:34:13'),
(406, 29, 197, 'pass', '', '4x4', 0, 8, 4, 4, 'item', '2019-11-28 02:34:13', '2019-11-28 02:34:13'),
(407, 29, 198, 'pass', '', '5x2', 4, 8, 5, 2, 'item', '2019-11-28 02:34:13', '2019-11-28 02:34:13'),
(408, 29, 200, 'pass', '', '3x3', 4, 10, 3, 3, 'item', '2019-11-28 02:34:13', '2019-11-28 02:34:13'),
(409, 29, 200, 'pass', '', '3x3', 7, 10, 3, 3, 'item', '2019-11-28 02:34:13', '2019-11-28 02:34:13'),
(410, 29, 200, 'pass', '', '3x3', 0, 12, 3, 3, 'item', '2019-11-28 02:34:13', '2019-11-28 02:34:13'),
(411, 30, 202, 'pass', '', '5x2', 0, 0, 5, 2, 'item', '2019-11-28 02:34:13', '2019-11-28 02:34:13'),
(412, 30, 202, 'pass', '', '5x2', 5, 0, 5, 2, 'item', '2019-11-28 02:34:13', '2019-11-28 02:34:13'),
(413, 30, 201, 'pass', '', '4x4', 0, 2, 4, 4, 'item', '2019-11-28 02:34:13', '2019-11-28 02:34:13'),
(414, 30, 202, 'pass', '', '5x2', 4, 2, 5, 2, 'item', '2019-11-28 02:34:13', '2019-11-28 02:34:13'),
(415, 30, 203, 'pass', '', '2x5', 4, 4, 2, 5, 'item', '2019-11-28 02:34:13', '2019-11-28 02:34:13'),
(416, 30, 204, 'pass', '', '4x4', 6, 4, 4, 4, 'item', '2019-11-28 02:34:13', '2019-11-28 02:34:13'),
(417, 30, 203, 'pass', '', '2x5', 0, 6, 2, 5, 'item', '2019-11-28 02:34:13', '2019-11-28 02:34:13'),
(418, 30, 204, 'pass', '', '4x4', 6, 8, 4, 4, 'item', '2019-11-28 02:34:13', '2019-11-28 02:34:13'),
(419, 30, 203, 'pass', '', '2x5', 2, 6, 2, 5, 'item', '2019-11-28 02:34:13', '2019-11-28 02:34:13'),
(420, 31, 206, 'pass', '', '4x4', 0, 0, 4, 4, 'item', '2019-11-28 02:34:13', '2019-11-28 02:34:13'),
(421, 31, 206, 'pass', '', '4x4', 4, 0, 4, 4, 'item', '2019-11-28 02:34:13', '2019-11-28 02:34:13'),
(422, 31, 206, 'pass', '', '4x4', 0, 4, 4, 4, 'item', '2019-11-28 02:34:13', '2019-11-28 02:34:13'),
(423, 31, 205, 'pass', '', '3x3', 4, 4, 3, 3, 'item', '2019-11-28 02:34:13', '2019-11-28 02:34:13'),
(424, 31, 207, 'pass', '', '5x2', 4, 7, 5, 2, 'item', '2019-11-28 02:34:13', '2019-11-28 02:34:13'),
(425, 31, 207, 'pass', '', '5x2', 0, 9, 5, 2, 'item', '2019-11-28 02:34:13', '2019-11-28 02:34:13'),
(426, 31, 207, 'pass', '', '5x2', 5, 9, 5, 2, 'item', '2019-11-28 02:34:13', '2019-11-28 02:34:13'),
(427, 32, 209, 'pass', '', '4x4', 0, 0, 4, 4, 'item', '2019-11-28 02:34:13', '2019-11-28 02:34:13'),
(428, 32, 209, 'pass', '', '4x4', 4, 0, 4, 4, 'item', '2019-11-28 02:34:13', '2019-11-28 02:34:13'),
(429, 32, 209, 'pass', '', '4x4', 0, 4, 4, 4, 'item', '2019-11-28 02:34:13', '2019-11-28 02:34:13'),
(430, 32, 208, 'pass', '', '2x5', 8, 0, 2, 5, 'item', '2019-11-28 02:34:13', '2019-11-28 02:34:13'),
(431, 32, 208, 'pass', '', '2x5', 4, 4, 2, 5, 'item', '2019-11-28 02:34:13', '2019-11-28 02:34:13'),
(432, 32, 210, 'pass', '', '4x4', 6, 5, 4, 4, 'item', '2019-11-28 02:34:13', '2019-11-28 02:34:13'),
(433, 33, 213, 'pass', '', '5x2', 0, 0, 5, 2, 'item', '2019-11-28 02:34:13', '2019-11-28 02:34:13'),
(434, 33, 211, 'pass', '', '2x2', 5, 0, 2, 2, 'item', '2019-11-28 02:34:13', '2019-11-28 02:34:13'),
(435, 33, 213, 'pass', '', '5x2', 0, 2, 5, 2, 'item', '2019-11-28 02:34:13', '2019-11-28 02:34:13'),
(436, 33, 211, 'pass', '', '2x2', 7, 0, 2, 2, 'item', '2019-11-28 02:34:13', '2019-11-28 02:34:13'),
(437, 33, 214, 'pass', '', '4x4', 5, 2, 4, 4, 'item', '2019-11-28 02:34:13', '2019-11-28 02:34:13'),
(438, 33, 211, 'pass', '', '2x2', 0, 4, 2, 2, 'item', '2019-11-28 02:34:13', '2019-11-28 02:34:13'),
(439, 33, 212, 'pass', '', '3x3', 2, 4, 3, 3, 'item', '2019-11-28 02:34:13', '2019-11-28 02:34:13'),
(440, 33, 216, 'pass', '', '2x2', 0, 6, 2, 2, 'item', '2019-11-28 02:34:13', '2019-11-28 02:34:13'),
(441, 33, 217, 'pass', '', '2x5', 5, 6, 2, 5, 'item', '2019-11-28 02:34:13', '2019-11-28 02:34:13'),
(442, 33, 215, 'pass', '', '4x4', 0, 8, 4, 4, 'item', '2019-11-28 02:34:13', '2019-11-28 02:34:13'),
(443, 33, 216, 'pass', '', '2x2', 7, 6, 2, 2, 'item', '2019-11-28 02:34:13', '2019-11-28 02:34:13'),
(444, 33, 221, 'pass', '', '2x2', 7, 8, 2, 2, 'item', '2019-11-28 02:34:13', '2019-11-28 02:34:13'),
(445, 33, 221, 'pass', '', '2x2', 8, 10, 2, 2, 'item', '2019-11-28 02:34:13', '2019-11-28 02:34:13'),
(446, 33, 221, 'pass', '', '2x2', 0, 12, 2, 2, 'item', '2019-11-28 02:34:13', '2019-11-28 02:34:13'),
(447, 33, 227, 'pass', '', '2x2', 2, 12, 2, 2, 'item', '2019-11-28 02:34:13', '2019-11-28 02:34:13'),
(448, 33, 227, 'pass', '', '2x2', 8, 12, 2, 2, 'item', '2019-11-28 02:34:13', '2019-11-28 02:34:13'),
(449, 34, 218, 'pass', '', '4x4', 0, 0, 4, 4, 'item', '2019-11-28 02:34:13', '2019-11-28 02:34:13'),
(450, 34, 219, 'pass', '', '1x1', 4, 0, 1, 1, 'item', '2019-11-28 02:34:13', '2019-11-28 02:34:13'),
(451, 34, 219, 'pass', '', '1x1', 5, 0, 1, 1, 'item', '2019-11-28 02:34:13', '2019-11-28 02:34:13'),
(452, 34, 219, 'pass', '', '1x1', 6, 0, 1, 1, 'item', '2019-11-28 02:34:13', '2019-11-28 02:34:13'),
(453, 34, 218, 'pass', '', '4x4', 4, 1, 4, 4, 'item', '2019-11-28 02:34:13', '2019-11-28 02:34:13'),
(454, 34, 218, 'pass', '', '4x4', 0, 4, 4, 4, 'item', '2019-11-28 02:34:13', '2019-11-28 02:34:13'),
(455, 34, 220, 'pass', '', '5x2', 4, 5, 5, 2, 'item', '2019-11-28 02:34:13', '2019-11-28 02:34:13'),
(456, 34, 223, 'pass', '', '3x3', 4, 7, 3, 3, 'item', '2019-11-28 02:34:13', '2019-11-28 02:34:13'),
(457, 34, 222, 'pass', '', '2x2', 8, 0, 2, 2, 'item', '2019-11-28 02:34:13', '2019-11-28 02:34:13'),
(458, 34, 222, 'pass', '', '2x2', 8, 2, 2, 2, 'item', '2019-11-28 02:34:13', '2019-11-28 02:34:13'),
(459, 34, 224, 'pass', '', '4x4', 0, 8, 4, 4, 'item', '2019-11-28 02:34:13', '2019-11-28 02:34:13'),
(460, 34, 222, 'pass', '', '2x2', 7, 7, 2, 2, 'item', '2019-11-28 02:34:13', '2019-11-28 02:34:13'),
(461, 34, 223, 'pass', '', '3x3', 7, 9, 3, 3, 'item', '2019-11-28 02:34:13', '2019-11-28 02:34:13'),
(462, 34, 244, 'pass', '', '1x1', 8, 4, 1, 1, 'item', '2019-11-28 02:34:13', '2019-11-28 02:34:13'),
(463, 34, 243, 'pass', '', '2x2', 4, 10, 2, 2, 'item', '2019-11-28 02:34:13', '2019-11-28 02:34:13'),
(464, 35, 226, 'pass', '', '5x2', 0, 0, 5, 2, 'item', '2019-11-28 02:34:13', '2019-11-28 02:34:13'),
(465, 35, 225, 'pass', '', '1x1', 5, 0, 1, 1, 'item', '2019-11-28 02:34:13', '2019-11-28 02:34:13'),
(466, 35, 226, 'pass', '', '5x2', 5, 1, 5, 2, 'item', '2019-11-28 02:34:13', '2019-11-28 02:34:13'),
(467, 35, 226, 'pass', '', '5x2', 0, 2, 5, 2, 'item', '2019-11-28 02:34:13', '2019-11-28 02:34:13'),
(468, 35, 228, 'pass', '', '2x5', 5, 3, 2, 5, 'item', '2019-11-28 02:34:13', '2019-11-28 02:34:13'),
(469, 35, 229, 'pass', '', '1x1', 6, 0, 1, 1, 'item', '2019-11-28 02:34:13', '2019-11-28 02:34:13'),
(470, 35, 229, 'pass', '', '1x1', 7, 0, 1, 1, 'item', '2019-11-28 02:34:13', '2019-11-28 02:34:13'),
(471, 35, 228, 'pass', '', '2x5', 7, 3, 2, 5, 'item', '2019-11-28 02:34:13', '2019-11-28 02:34:13'),
(472, 35, 229, 'pass', '', '1x1', 8, 0, 1, 1, 'item', '2019-11-28 02:34:13', '2019-11-28 02:34:13'),
(473, 35, 230, 'pass', '', '5x2', 0, 4, 5, 2, 'item', '2019-11-28 02:34:13', '2019-11-28 02:34:13'),
(474, 35, 230, 'pass', '', '5x2', 0, 6, 5, 2, 'item', '2019-11-28 02:34:13', '2019-11-28 02:34:13'),
(475, 35, 231, 'pass', '', '2x5', 0, 8, 2, 5, 'item', '2019-11-28 02:34:13', '2019-11-28 02:34:13'),
(476, 35, 233, 'pass', '', '1x1', 9, 0, 1, 1, 'item', '2019-11-28 02:34:13', '2019-11-28 02:34:13'),
(477, 35, 231, 'pass', '', '2x5', 2, 8, 2, 5, 'item', '2019-11-28 02:34:13', '2019-11-28 02:34:13'),
(478, 35, 232, 'pass', '', '4x4', 4, 8, 4, 4, 'item', '2019-11-28 02:34:13', '2019-11-28 02:34:13'),
(479, 35, 235, 'pass', '', '2x5', 8, 8, 2, 5, 'item', '2019-11-28 02:34:13', '2019-11-28 02:34:13'),
(480, 35, 234, 'pass', '', '2x2', 4, 12, 2, 2, 'item', '2019-11-28 02:34:13', '2019-11-28 02:34:13'),
(481, 35, 234, 'pass', '', '2x2', 6, 12, 2, 2, 'item', '2019-11-28 02:34:13', '2019-11-28 02:34:13'),
(482, 35, 261, 'pass', '', '2x2', 0, 13, 2, 2, 'item', '2019-11-28 02:34:13', '2019-11-28 02:34:13'),
(483, 35, 261, 'pass', '', '2x2', 2, 13, 2, 2, 'item', '2019-11-28 02:34:13', '2019-11-28 02:34:13'),
(484, 36, 236, 'pass', '', '2x5', 0, 0, 2, 5, 'item', '2019-11-28 02:34:13', '2019-11-28 02:34:13'),
(485, 36, 236, 'pass', '', '2x5', 2, 0, 2, 5, 'item', '2019-11-28 02:34:13', '2019-11-28 02:34:13'),
(486, 36, 236, 'pass', '', '2x5', 4, 0, 2, 5, 'item', '2019-11-28 02:34:13', '2019-11-28 02:34:13'),
(487, 36, 237, 'pass', '', '3x3', 6, 0, 3, 3, 'item', '2019-11-28 02:34:13', '2019-11-28 02:34:13'),
(488, 36, 239, 'pass', '', '5x2', 0, 5, 5, 2, 'item', '2019-11-28 02:34:13', '2019-11-28 02:34:13'),
(489, 36, 238, 'pass', '', '2x2', 6, 3, 2, 2, 'item', '2019-11-28 02:34:13', '2019-11-28 02:34:13'),
(490, 36, 239, 'pass', '', '5x2', 5, 5, 5, 2, 'item', '2019-11-28 02:34:13', '2019-11-28 02:34:13'),
(491, 36, 242, 'pass', '', '5x2', 0, 7, 5, 2, 'item', '2019-11-28 02:34:13', '2019-11-28 02:34:13'),
(492, 36, 241, 'pass', '', '2x2', 8, 3, 2, 2, 'item', '2019-11-28 02:34:13', '2019-11-28 02:34:13'),
(493, 36, 240, 'pass', '', '4x4', 5, 7, 4, 4, 'item', '2019-11-28 02:34:13', '2019-11-28 02:34:13'),
(494, 36, 242, 'pass', '', '5x2', 0, 9, 5, 2, 'item', '2019-11-28 02:34:13', '2019-11-28 02:34:13'),
(495, 36, 241, 'pass', '', '2x2', 0, 11, 2, 2, 'item', '2019-11-28 02:34:13', '2019-11-28 02:34:13'),
(496, 36, 240, 'pass', '', '4x4', 2, 11, 4, 4, 'item', '2019-11-28 02:34:13', '2019-11-28 02:34:13'),
(497, 36, 241, 'pass', '', '2x2', 6, 11, 2, 2, 'item', '2019-11-28 02:34:13', '2019-11-28 02:34:13'),
(498, 37, 247, 'pass', '', '4x4', 0, 0, 4, 4, 'item', '2019-11-28 02:34:13', '2019-11-28 02:34:13'),
(499, 37, 248, 'pass', '', '1x1', 4, 0, 1, 1, 'item', '2019-11-28 02:34:13', '2019-11-28 02:34:13'),
(500, 37, 246, 'pass', '', '3x3', 5, 0, 3, 3, 'item', '2019-11-28 02:34:13', '2019-11-28 02:34:13'),
(501, 37, 247, 'pass', '', '4x4', 4, 3, 4, 4, 'item', '2019-11-28 02:34:13', '2019-11-28 02:34:13'),
(502, 37, 245, 'pass', '', '2x2', 8, 0, 2, 2, 'item', '2019-11-28 02:34:13', '2019-11-28 02:34:13'),
(503, 37, 247, 'pass', '', '4x4', 0, 4, 4, 4, 'item', '2019-11-28 02:34:13', '2019-11-28 02:34:13'),
(504, 37, 246, 'pass', '', '3x3', 4, 7, 3, 3, 'item', '2019-11-28 02:34:13', '2019-11-28 02:34:13'),
(505, 37, 246, 'pass', '', '3x3', 7, 7, 3, 3, 'item', '2019-11-28 02:34:13', '2019-11-28 02:34:13'),
(506, 37, 245, 'pass', '', '2x2', 8, 2, 2, 2, 'item', '2019-11-28 02:34:13', '2019-11-28 02:34:13'),
(507, 37, 248, 'pass', '', '1x1', 4, 1, 1, 1, 'item', '2019-11-28 02:34:13', '2019-11-28 02:34:13');
INSERT INTO `print_sheet_item` (`psi_id`, `ps_id`, `order_item_id`, `status`, `image_url`, `size`, `x_pos`, `y_pos`, `width`, `height`, `identifier`, `created_at`, `updated_at`) VALUES
(508, 38, 249, 'pass', '', '5x2', 0, 0, 5, 2, 'item', '2019-11-28 02:34:13', '2019-11-28 02:34:13'),
(509, 38, 250, 'pass', '', '2x5', 5, 0, 2, 5, 'item', '2019-11-28 02:34:13', '2019-11-28 02:34:13'),
(510, 38, 251, 'pass', '', '2x2', 7, 0, 2, 2, 'item', '2019-11-28 02:34:13', '2019-11-28 02:34:13'),
(511, 38, 249, 'pass', '', '5x2', 0, 2, 5, 2, 'item', '2019-11-28 02:34:13', '2019-11-28 02:34:13'),
(512, 38, 249, 'pass', '', '5x2', 0, 4, 5, 2, 'item', '2019-11-28 02:34:13', '2019-11-28 02:34:13'),
(513, 38, 250, 'pass', '', '2x5', 7, 2, 2, 5, 'item', '2019-11-28 02:34:13', '2019-11-28 02:34:13'),
(514, 38, 251, 'pass', '', '2x2', 5, 5, 2, 2, 'item', '2019-11-28 02:34:13', '2019-11-28 02:34:13'),
(515, 38, 255, 'pass', '', '3x3', 0, 11, 3, 3, 'item', '2019-11-28 02:34:13', '2019-11-28 02:34:13'),
(516, 38, 255, 'pass', '', '3x3', 3, 11, 3, 3, 'item', '2019-11-28 02:34:13', '2019-11-28 02:34:13'),
(517, 38, 254, 'pass', '', '4x4', 6, 11, 4, 4, 'item', '2019-11-28 02:34:13', '2019-11-28 02:34:13'),
(518, 39, 253, 'pass', '', '2x5', 0, 0, 2, 5, 'item', '2019-11-28 02:34:13', '2019-11-28 02:34:13'),
(519, 39, 253, 'pass', '', '2x5', 2, 0, 2, 5, 'item', '2019-11-28 02:34:13', '2019-11-28 02:34:13'),
(520, 39, 252, 'pass', '', '5x2', 4, 0, 5, 2, 'item', '2019-11-28 02:34:13', '2019-11-28 02:34:13'),
(521, 39, 252, 'pass', '', '5x2', 4, 2, 5, 2, 'item', '2019-11-28 02:34:13', '2019-11-28 02:34:13'),
(522, 39, 253, 'pass', '', '2x5', 4, 4, 2, 5, 'item', '2019-11-28 02:34:13', '2019-11-28 02:34:13'),
(523, 39, 257, 'pass', '', '1x1', 9, 0, 1, 1, 'item', '2019-11-28 02:34:13', '2019-11-28 02:34:13'),
(524, 39, 257, 'pass', '', '1x1', 9, 1, 1, 1, 'item', '2019-11-28 02:34:13', '2019-11-28 02:34:13'),
(525, 39, 256, 'pass', '', '4x4', 6, 4, 4, 4, 'item', '2019-11-28 02:34:13', '2019-11-28 02:34:13'),
(526, 39, 256, 'pass', '', '4x4', 0, 5, 4, 4, 'item', '2019-11-28 02:34:13', '2019-11-28 02:34:13'),
(527, 39, 256, 'pass', '', '4x4', 6, 8, 4, 4, 'item', '2019-11-28 02:34:13', '2019-11-28 02:34:13'),
(528, 39, 257, 'pass', '', '1x1', 9, 2, 1, 1, 'item', '2019-11-28 02:34:13', '2019-11-28 02:34:13'),
(529, 39, 258, 'pass', '', '3x3', 0, 9, 3, 3, 'item', '2019-11-28 02:34:13', '2019-11-28 02:34:13'),
(530, 39, 258, 'pass', '', '3x3', 3, 9, 3, 3, 'item', '2019-11-28 02:34:13', '2019-11-28 02:34:13'),
(531, 39, 259, 'pass', '', '1x1', 9, 3, 1, 1, 'item', '2019-11-28 02:34:13', '2019-11-28 02:34:13'),
(532, 39, 260, 'pass', '', '5x2', 0, 12, 5, 2, 'item', '2019-11-28 02:34:13', '2019-11-28 02:34:13'),
(533, 39, 259, 'pass', '', '1x1', 5, 12, 1, 1, 'item', '2019-11-28 02:34:13', '2019-11-28 02:34:13'),
(534, 39, 260, 'pass', '', '5x2', 5, 13, 5, 2, 'item', '2019-11-28 02:34:13', '2019-11-28 02:34:13'),
(535, 39, 259, 'pass', '', '1x1', 6, 12, 1, 1, 'item', '2019-11-28 02:34:13', '2019-11-28 02:34:13'),
(536, 40, 262, 'pass', '', '2x2', 0, 0, 2, 2, 'item', '2019-11-28 02:34:13', '2019-11-28 02:34:13'),
(537, 40, 263, 'pass', '', '2x5', 2, 0, 2, 5, 'item', '2019-11-28 02:34:13', '2019-11-28 02:34:13'),
(538, 40, 263, 'pass', '', '2x5', 4, 0, 2, 5, 'item', '2019-11-28 02:34:13', '2019-11-28 02:34:13'),
(539, 40, 262, 'pass', '', '2x2', 6, 0, 2, 2, 'item', '2019-11-28 02:34:13', '2019-11-28 02:34:13'),
(540, 40, 264, 'pass', '', '2x2', 8, 0, 2, 2, 'item', '2019-11-28 02:34:13', '2019-11-28 02:34:13'),
(541, 40, 266, 'pass', '', '5x2', 0, 5, 5, 2, 'item', '2019-11-28 02:34:13', '2019-11-28 02:34:13'),
(542, 40, 267, 'pass', '', '4x4', 6, 2, 4, 4, 'item', '2019-11-28 02:34:13', '2019-11-28 02:34:13'),
(543, 40, 267, 'pass', '', '4x4', 5, 6, 4, 4, 'item', '2019-11-28 02:34:13', '2019-11-28 02:34:13'),
(544, 40, 267, 'pass', '', '4x4', 0, 7, 4, 4, 'item', '2019-11-28 02:34:13', '2019-11-28 02:34:13'),
(545, 40, 265, 'pass', '', '1x1', 0, 2, 1, 1, 'item', '2019-11-28 02:34:13', '2019-11-28 02:34:13'),
(546, 40, 268, 'pass', '', '5x2', 4, 10, 5, 2, 'item', '2019-11-28 02:34:13', '2019-11-28 02:34:13'),
(547, 40, 269, 'pass', '', '3x3', 0, 11, 3, 3, 'item', '2019-11-28 02:34:13', '2019-11-28 02:34:13'),
(548, 40, 269, 'pass', '', '3x3', 3, 12, 3, 3, 'item', '2019-11-28 02:34:13', '2019-11-28 02:34:13'),
(549, 41, 270, 'pass', '', '3x3', 0, 0, 3, 3, 'item', '2019-11-28 02:34:13', '2019-11-28 02:34:13'),
(550, 41, 270, 'pass', '', '3x3', 3, 0, 3, 3, 'item', '2019-11-28 02:34:13', '2019-11-28 02:34:13'),
(551, 41, 270, 'pass', '', '3x3', 6, 0, 3, 3, 'item', '2019-11-28 02:34:13', '2019-11-28 02:34:13'),
(552, 41, 273, 'pass', '', '2x5', 0, 3, 2, 5, 'item', '2019-11-28 02:34:13', '2019-11-28 02:34:13'),
(553, 41, 272, 'pass', '', '5x2', 2, 3, 5, 2, 'item', '2019-11-28 02:34:13', '2019-11-28 02:34:13'),
(554, 41, 272, 'pass', '', '5x2', 2, 5, 5, 2, 'item', '2019-11-28 02:34:13', '2019-11-28 02:34:13'),
(555, 41, 271, 'pass', '', '4x4', 2, 7, 4, 4, 'item', '2019-11-28 02:34:13', '2019-11-28 02:34:13'),
(556, 41, 272, 'pass', '', '5x2', 0, 11, 5, 2, 'item', '2019-11-28 02:34:13', '2019-11-28 02:34:13'),
(557, 41, 274, 'pass', '', '2x5', 7, 3, 2, 5, 'item', '2019-11-28 02:34:13', '2019-11-28 02:34:13'),
(558, 41, 276, 'pass', '', '1x1', 9, 0, 1, 1, 'item', '2019-11-28 02:34:13', '2019-11-28 02:34:13'),
(559, 41, 275, 'pass', '', '3x3', 6, 8, 3, 3, 'item', '2019-11-28 02:34:13', '2019-11-28 02:34:13'),
(560, 41, 275, 'pass', '', '3x3', 5, 11, 3, 3, 'item', '2019-11-28 02:34:13', '2019-11-28 02:34:13'),
(561, 41, 276, 'pass', '', '1x1', 9, 1, 1, 1, 'item', '2019-11-28 02:34:13', '2019-11-28 02:34:13'),
(562, 41, 282, 'pass', '', '5x2', 0, 13, 5, 2, 'item', '2019-11-28 02:34:13', '2019-11-28 02:34:13'),
(563, 42, 278, 'pass', '', '2x5', 0, 0, 2, 5, 'item', '2019-11-28 02:34:13', '2019-11-28 02:34:13'),
(564, 42, 279, 'pass', '', '3x3', 2, 0, 3, 3, 'item', '2019-11-28 02:34:13', '2019-11-28 02:34:13'),
(565, 42, 277, 'pass', '', '4x4', 5, 0, 4, 4, 'item', '2019-11-28 02:34:13', '2019-11-28 02:34:13'),
(566, 42, 279, 'pass', '', '3x3', 2, 3, 3, 3, 'item', '2019-11-28 02:34:13', '2019-11-28 02:34:13'),
(567, 42, 278, 'pass', '', '2x5', 5, 4, 2, 5, 'item', '2019-11-28 02:34:13', '2019-11-28 02:34:13'),
(568, 42, 277, 'pass', '', '4x4', 0, 6, 4, 4, 'item', '2019-11-28 02:34:13', '2019-11-28 02:34:13'),
(569, 42, 279, 'pass', '', '3x3', 7, 4, 3, 3, 'item', '2019-11-28 02:34:13', '2019-11-28 02:34:13'),
(570, 42, 280, 'pass', '', '2x5', 7, 7, 2, 5, 'item', '2019-11-28 02:34:13', '2019-11-28 02:34:13'),
(571, 42, 281, 'pass', '', '5x2', 0, 10, 5, 2, 'item', '2019-11-28 02:34:13', '2019-11-28 02:34:13'),
(572, 43, 283, 'pass', '', '2x2', 0, 0, 2, 2, 'item', '2019-11-28 02:34:13', '2019-11-28 02:34:13'),
(573, 43, 283, 'pass', '', '2x2', 2, 0, 2, 2, 'item', '2019-11-28 02:34:13', '2019-11-28 02:34:13'),
(574, 43, 283, 'pass', '', '2x2', 4, 0, 2, 2, 'item', '2019-11-28 02:34:13', '2019-11-28 02:34:13'),
(575, 43, 284, 'pass', '', '4x4', 6, 0, 4, 4, 'item', '2019-11-28 02:34:13', '2019-11-28 02:34:13'),
(576, 43, 286, 'pass', '', '2x5', 0, 2, 2, 5, 'item', '2019-11-28 02:34:13', '2019-11-28 02:34:13'),
(577, 43, 286, 'pass', '', '2x5', 2, 2, 2, 5, 'item', '2019-11-28 02:34:13', '2019-11-28 02:34:13'),
(578, 43, 285, 'pass', '', '1x1', 4, 2, 1, 1, 'item', '2019-11-28 02:34:13', '2019-11-28 02:34:13'),
(579, 43, 286, 'pass', '', '2x5', 4, 3, 2, 5, 'item', '2019-11-28 02:34:13', '2019-11-28 02:34:13'),
(580, 43, 285, 'pass', '', '1x1', 5, 2, 1, 1, 'item', '2019-11-28 02:34:13', '2019-11-28 02:34:13'),
(581, 43, 285, 'pass', '', '1x1', 6, 4, 1, 1, 'item', '2019-11-28 02:34:13', '2019-11-28 02:34:13'),
(582, 43, 287, 'pass', '', '5x2', 0, 8, 5, 2, 'item', '2019-11-28 02:34:13', '2019-11-28 02:34:13'),
(583, 43, 287, 'pass', '', '5x2', 5, 8, 5, 2, 'item', '2019-11-28 02:34:13', '2019-11-28 02:34:13'),
(584, 44, 288, 'pass', '', '4x4', 0, 0, 4, 4, 'item', '2019-11-28 02:34:13', '2019-11-28 02:34:13'),
(585, 44, 289, 'pass', '', '2x5', 4, 0, 2, 5, 'item', '2019-11-28 02:34:13', '2019-11-28 02:34:13'),
(586, 44, 288, 'pass', '', '4x4', 6, 0, 4, 4, 'item', '2019-11-28 02:34:13', '2019-11-28 02:34:13'),
(587, 44, 288, 'pass', '', '4x4', 0, 4, 4, 4, 'item', '2019-11-28 02:34:13', '2019-11-28 02:34:13'),
(588, 44, 289, 'pass', '', '2x5', 6, 4, 2, 5, 'item', '2019-11-28 02:34:13', '2019-11-28 02:34:13'),
(589, 44, 289, 'pass', '', '2x5', 8, 4, 2, 5, 'item', '2019-11-28 02:34:13', '2019-11-28 02:34:13'),
(590, 44, 291, 'pass', '', '2x5', 4, 5, 2, 5, 'item', '2019-11-28 02:34:13', '2019-11-28 02:34:13'),
(591, 44, 290, 'pass', '', '4x4', 0, 8, 4, 4, 'item', '2019-11-28 02:34:13', '2019-11-28 02:34:13'),
(592, 45, 293, 'pass', '', '5x2', 0, 0, 5, 2, 'item', '2019-11-28 02:34:13', '2019-11-28 02:34:13'),
(593, 45, 294, 'pass', '', '2x5', 5, 0, 2, 5, 'item', '2019-11-28 02:34:13', '2019-11-28 02:34:13'),
(594, 45, 293, 'pass', '', '5x2', 0, 2, 5, 2, 'item', '2019-11-28 02:34:13', '2019-11-28 02:34:13'),
(595, 45, 292, 'pass', '', '1x1', 7, 0, 1, 1, 'item', '2019-11-28 02:34:13', '2019-11-28 02:34:13'),
(596, 45, 292, 'pass', '', '1x1', 8, 0, 1, 1, 'item', '2019-11-28 02:34:13', '2019-11-28 02:34:13'),
(597, 45, 292, 'pass', '', '1x1', 9, 0, 1, 1, 'item', '2019-11-28 02:34:13', '2019-11-28 02:34:13'),
(598, 45, 295, 'pass', '', '4x4', 0, 4, 4, 4, 'item', '2019-11-28 02:34:13', '2019-11-28 02:34:13'),
(599, 45, 294, 'pass', '', '2x5', 7, 1, 2, 5, 'item', '2019-11-28 02:34:13', '2019-11-28 02:34:13'),
(600, 45, 295, 'pass', '', '4x4', 4, 6, 4, 4, 'item', '2019-11-28 02:34:13', '2019-11-28 02:34:13'),
(601, 46, 296, 'pass', '', '4x4', 0, 0, 4, 4, 'item', '2019-11-28 02:34:13', '2019-11-28 02:34:13'),
(602, 46, 298, 'pass', '', '1x1', 4, 0, 1, 1, 'item', '2019-11-28 02:34:14', '2019-11-28 02:34:14'),
(603, 46, 298, 'pass', '', '1x1', 5, 0, 1, 1, 'item', '2019-11-28 02:34:14', '2019-11-28 02:34:14'),
(604, 46, 298, 'pass', '', '1x1', 6, 0, 1, 1, 'item', '2019-11-28 02:34:14', '2019-11-28 02:34:14'),
(605, 46, 297, 'pass', '', '2x5', 7, 0, 2, 5, 'item', '2019-11-28 02:34:14', '2019-11-28 02:34:14'),
(606, 46, 296, 'pass', '', '4x4', 0, 4, 4, 4, 'item', '2019-11-28 02:34:14', '2019-11-28 02:34:14'),
(607, 46, 297, 'pass', '', '2x5', 4, 1, 2, 5, 'item', '2019-11-28 02:34:14', '2019-11-28 02:34:14'),
(608, 46, 297, 'pass', '', '2x5', 6, 5, 2, 5, 'item', '2019-11-28 02:34:14', '2019-11-28 02:34:14'),
(609, 46, 299, 'pass', '', '2x5', 8, 5, 2, 5, 'item', '2019-11-28 02:34:14', '2019-11-28 02:34:14'),
(610, 46, 300, 'pass', '', '5x2', 0, 8, 5, 2, 'item', '2019-11-28 02:34:14', '2019-11-28 02:34:14'),
(611, 46, 299, 'pass', '', '2x5', 0, 10, 2, 5, 'item', '2019-11-28 02:34:14', '2019-11-28 02:34:14'),
(612, 46, 300, 'pass', '', '5x2', 2, 10, 5, 2, 'item', '2019-11-28 02:34:14', '2019-11-28 02:34:14'),
(613, 46, 300, 'pass', '', '5x2', 2, 12, 5, 2, 'item', '2019-11-28 02:34:14', '2019-11-28 02:34:14'),
(614, 46, 299, 'pass', '', '2x5', 7, 10, 2, 5, 'item', '2019-11-28 02:34:14', '2019-11-28 02:34:14'),
(615, 47, 303, 'pass', '', '4x4', 0, 0, 4, 4, 'item', '2019-11-28 02:34:14', '2019-11-28 02:34:14'),
(616, 47, 304, 'pass', '', '3x3', 4, 0, 3, 3, 'item', '2019-11-28 02:34:14', '2019-11-28 02:34:14'),
(617, 47, 304, 'pass', '', '3x3', 7, 0, 3, 3, 'item', '2019-11-28 02:34:14', '2019-11-28 02:34:14'),
(618, 47, 302, 'pass', '', '1x1', 4, 3, 1, 1, 'item', '2019-11-28 02:34:14', '2019-11-28 02:34:14'),
(619, 47, 301, 'pass', '', '2x5', 5, 3, 2, 5, 'item', '2019-11-28 02:34:14', '2019-11-28 02:34:14'),
(620, 47, 302, 'pass', '', '1x1', 7, 3, 1, 1, 'item', '2019-11-28 02:34:14', '2019-11-28 02:34:14'),
(621, 47, 304, 'pass', '', '3x3', 0, 4, 3, 3, 'item', '2019-11-28 02:34:14', '2019-11-28 02:34:14'),
(622, 47, 302, 'pass', '', '1x1', 8, 3, 1, 1, 'item', '2019-11-28 02:34:14', '2019-11-28 02:34:14'),
(623, 47, 303, 'pass', '', '4x4', 0, 7, 4, 4, 'item', '2019-11-28 02:34:14', '2019-11-28 02:34:14'),
(624, 48, 306, 'pass', '', '5x2', 0, 0, 5, 2, 'item', '2019-11-28 02:34:14', '2019-11-28 02:34:14'),
(625, 48, 305, 'pass', '', '2x5', 5, 0, 2, 5, 'item', '2019-11-28 02:34:14', '2019-11-28 02:34:14'),
(626, 48, 307, 'pass', '', '2x2', 7, 0, 2, 2, 'item', '2019-11-28 02:34:14', '2019-11-28 02:34:14'),
(627, 48, 306, 'pass', '', '5x2', 0, 2, 5, 2, 'item', '2019-11-28 02:34:14', '2019-11-28 02:34:14'),
(628, 48, 306, 'pass', '', '5x2', 0, 4, 5, 2, 'item', '2019-11-28 02:34:14', '2019-11-28 02:34:14'),
(629, 48, 307, 'pass', '', '2x2', 7, 2, 2, 2, 'item', '2019-11-28 02:34:14', '2019-11-28 02:34:14'),
(630, 48, 307, 'pass', '', '2x2', 7, 4, 2, 2, 'item', '2019-11-28 02:34:14', '2019-11-28 02:34:14'),
(631, 48, 308, 'pass', '', '3x3', 0, 6, 3, 3, 'item', '2019-11-28 02:34:14', '2019-11-28 02:34:14'),
(632, 49, 309, 'pass', '', '3x3', 0, 0, 3, 3, 'item', '2019-11-28 02:34:14', '2019-11-28 02:34:14'),
(633, 49, 310, 'pass', '', '2x5', 3, 0, 2, 5, 'item', '2019-11-28 02:34:14', '2019-11-28 02:34:14'),
(634, 49, 310, 'pass', '', '2x5', 5, 0, 2, 5, 'item', '2019-11-28 02:34:14', '2019-11-28 02:34:14'),
(635, 49, 311, 'pass', '', '4x4', 0, 5, 4, 4, 'item', '2019-11-28 02:34:14', '2019-11-28 02:34:14'),
(636, 49, 311, 'pass', '', '4x4', 4, 5, 4, 4, 'item', '2019-11-28 02:34:14', '2019-11-28 02:34:14'),
(637, 49, 309, 'pass', '', '3x3', 7, 0, 3, 3, 'item', '2019-11-28 02:34:14', '2019-11-28 02:34:14'),
(638, 49, 311, 'pass', '', '4x4', 0, 9, 4, 4, 'item', '2019-11-28 02:34:14', '2019-11-28 02:34:14'),
(639, 49, 315, 'pass', '', '1x1', 0, 3, 1, 1, 'item', '2019-11-28 02:34:14', '2019-11-28 02:34:14'),
(640, 49, 315, 'pass', '', '1x1', 1, 3, 1, 1, 'item', '2019-11-28 02:34:14', '2019-11-28 02:34:14'),
(641, 49, 314, 'pass', '', '3x3', 7, 9, 3, 3, 'item', '2019-11-28 02:34:14', '2019-11-28 02:34:14'),
(642, 50, 313, 'pass', '', '3x3', 0, 0, 3, 3, 'item', '2019-11-28 02:34:14', '2019-11-28 02:34:14'),
(643, 50, 312, 'pass', '', '4x4', 3, 0, 4, 4, 'item', '2019-11-28 02:34:14', '2019-11-28 02:34:14'),
(644, 50, 313, 'pass', '', '3x3', 7, 0, 3, 3, 'item', '2019-11-28 02:34:14', '2019-11-28 02:34:14'),
(645, 50, 317, 'pass', '', '5x2', 0, 4, 5, 2, 'item', '2019-11-28 02:34:14', '2019-11-28 02:34:14'),
(646, 50, 318, 'pass', '', '3x3', 7, 3, 3, 3, 'item', '2019-11-28 02:34:14', '2019-11-28 02:34:14'),
(647, 50, 316, 'pass', '', '1x1', 0, 3, 1, 1, 'item', '2019-11-28 02:34:14', '2019-11-28 02:34:14'),
(648, 50, 319, 'pass', '', '2x5', 5, 4, 2, 5, 'item', '2019-11-28 02:34:14', '2019-11-28 02:34:14'),
(649, 50, 317, 'pass', '', '5x2', 0, 6, 5, 2, 'item', '2019-11-28 02:34:14', '2019-11-28 02:34:14'),
(650, 51, 320, 'pass', '', '5x2', 0, 0, 5, 2, 'item', '2019-11-28 02:34:14', '2019-11-28 02:34:14'),
(651, 51, 322, 'pass', '', '3x3', 5, 0, 3, 3, 'item', '2019-11-28 02:34:14', '2019-11-28 02:34:14'),
(652, 51, 321, 'pass', '', '4x4', 0, 2, 4, 4, 'item', '2019-11-28 02:34:14', '2019-11-28 02:34:14'),
(653, 51, 321, 'pass', '', '4x4', 4, 3, 4, 4, 'item', '2019-11-28 02:34:14', '2019-11-28 02:34:14'),
(654, 51, 320, 'pass', '', '5x2', 0, 7, 5, 2, 'item', '2019-11-28 02:34:14', '2019-11-28 02:34:14'),
(655, 51, 322, 'pass', '', '3x3', 5, 7, 3, 3, 'item', '2019-11-28 02:34:14', '2019-11-28 02:34:14'),
(656, 51, 324, 'pass', '', '1x1', 8, 0, 1, 1, 'item', '2019-11-28 02:34:14', '2019-11-28 02:34:14'),
(657, 51, 325, 'pass', '', '2x2', 8, 1, 2, 2, 'item', '2019-11-28 02:34:14', '2019-11-28 02:34:14'),
(658, 51, 323, 'pass', '', '2x5', 8, 3, 2, 5, 'item', '2019-11-28 02:34:14', '2019-11-28 02:34:14'),
(659, 51, 324, 'pass', '', '1x1', 9, 0, 1, 1, 'item', '2019-11-28 02:34:14', '2019-11-28 02:34:14'),
(660, 51, 325, 'pass', '', '2x2', 8, 8, 2, 2, 'item', '2019-11-28 02:34:14', '2019-11-28 02:34:14'),
(661, 51, 323, 'pass', '', '2x5', 0, 9, 2, 5, 'item', '2019-11-28 02:34:14', '2019-11-28 02:34:14'),
(662, 52, 326, 'pass', '', '4x4', 0, 0, 4, 4, 'item', '2019-11-28 02:34:14', '2019-11-28 02:34:14'),
(663, 52, 326, 'pass', '', '4x4', 4, 0, 4, 4, 'item', '2019-11-28 02:34:14', '2019-11-28 02:34:14'),
(664, 52, 326, 'pass', '', '4x4', 0, 4, 4, 4, 'item', '2019-11-28 02:34:14', '2019-11-28 02:34:14'),
(665, 52, 328, 'pass', '', '2x2', 8, 0, 2, 2, 'item', '2019-11-28 02:34:14', '2019-11-28 02:34:14'),
(666, 52, 327, 'pass', '', '3x3', 4, 4, 3, 3, 'item', '2019-11-28 02:34:14', '2019-11-28 02:34:14'),
(667, 52, 328, 'pass', '', '2x2', 8, 2, 2, 2, 'item', '2019-11-28 02:34:14', '2019-11-28 02:34:14'),
(668, 52, 328, 'pass', '', '2x2', 7, 4, 2, 2, 'item', '2019-11-28 02:34:14', '2019-11-28 02:34:14'),
(669, 52, 327, 'pass', '', '3x3', 7, 6, 3, 3, 'item', '2019-11-28 02:34:14', '2019-11-28 02:34:14'),
(670, 53, 330, 'pass', '', '4x4', 0, 0, 4, 4, 'item', '2019-11-28 02:34:14', '2019-11-28 02:34:14'),
(671, 53, 330, 'pass', '', '4x4', 4, 0, 4, 4, 'item', '2019-11-28 02:34:14', '2019-11-28 02:34:14'),
(672, 53, 329, 'pass', '', '2x5', 8, 0, 2, 5, 'item', '2019-11-28 02:34:14', '2019-11-28 02:34:14'),
(673, 53, 329, 'pass', '', '2x5', 0, 4, 2, 5, 'item', '2019-11-28 02:34:14', '2019-11-28 02:34:14'),
(674, 53, 329, 'pass', '', '2x5', 2, 4, 2, 5, 'item', '2019-11-28 02:34:14', '2019-11-28 02:34:14'),
(675, 53, 332, 'pass', '', '2x5', 4, 4, 2, 5, 'item', '2019-11-28 02:34:14', '2019-11-28 02:34:14'),
(676, 53, 332, 'pass', '', '2x5', 6, 4, 2, 5, 'item', '2019-11-28 02:34:14', '2019-11-28 02:34:14'),
(677, 53, 331, 'pass', '', '1x1', 8, 5, 1, 1, 'item', '2019-11-28 02:34:14', '2019-11-28 02:34:14'),
(678, 53, 331, 'pass', '', '1x1', 9, 5, 1, 1, 'item', '2019-11-28 02:34:14', '2019-11-28 02:34:14'),
(679, 53, 335, 'pass', '', '4x4', 0, 9, 4, 4, 'item', '2019-11-28 02:34:14', '2019-11-28 02:34:14'),
(680, 53, 335, 'pass', '', '4x4', 4, 9, 4, 4, 'item', '2019-11-28 02:34:14', '2019-11-28 02:34:14'),
(681, 53, 334, 'pass', '', '1x1', 8, 6, 1, 1, 'item', '2019-11-28 02:34:14', '2019-11-28 02:34:14'),
(682, 53, 334, 'pass', '', '1x1', 9, 6, 1, 1, 'item', '2019-11-28 02:34:14', '2019-11-28 02:34:14'),
(683, 53, 333, 'pass', '', '2x2', 8, 7, 2, 2, 'item', '2019-11-28 02:34:14', '2019-11-28 02:34:14'),
(684, 54, 336, 'pass', '', '3x3', 0, 0, 3, 3, 'item', '2019-11-28 02:34:14', '2019-11-28 02:34:14'),
(685, 54, 337, 'pass', '', '2x2', 3, 0, 2, 2, 'item', '2019-11-28 02:34:14', '2019-11-28 02:34:14'),
(686, 54, 338, 'pass', '', '1x1', 5, 0, 1, 1, 'item', '2019-11-28 02:34:14', '2019-11-28 02:34:14'),
(687, 54, 338, 'pass', '', '1x1', 6, 0, 1, 1, 'item', '2019-11-28 02:34:14', '2019-11-28 02:34:14'),
(688, 54, 336, 'pass', '', '3x3', 7, 0, 3, 3, 'item', '2019-11-28 02:34:14', '2019-11-28 02:34:14'),
(689, 54, 337, 'pass', '', '2x2', 5, 1, 2, 2, 'item', '2019-11-28 02:34:14', '2019-11-28 02:34:14'),
(690, 54, 336, 'pass', '', '3x3', 0, 3, 3, 3, 'item', '2019-11-28 02:34:14', '2019-11-28 02:34:14'),
(691, 54, 341, 'pass', '', '2x2', 3, 2, 2, 2, 'item', '2019-11-28 02:34:14', '2019-11-28 02:34:14'),
(692, 54, 340, 'pass', '', '3x3', 5, 3, 3, 3, 'item', '2019-11-28 02:34:14', '2019-11-28 02:34:14'),
(693, 54, 340, 'pass', '', '3x3', 0, 6, 3, 3, 'item', '2019-11-28 02:34:14', '2019-11-28 02:34:14'),
(694, 54, 340, 'pass', '', '3x3', 3, 6, 3, 3, 'item', '2019-11-28 02:34:14', '2019-11-28 02:34:14'),
(695, 54, 342, 'pass', '', '2x5', 8, 3, 2, 5, 'item', '2019-11-28 02:34:14', '2019-11-28 02:34:14'),
(696, 54, 342, 'pass', '', '2x5', 6, 6, 2, 5, 'item', '2019-11-28 02:34:14', '2019-11-28 02:34:14'),
(697, 55, 343, 'pass', '', '3x3', 0, 0, 3, 3, 'item', '2019-11-28 02:34:14', '2019-11-28 02:34:14'),
(698, 55, 344, 'pass', '', '2x5', 3, 0, 2, 5, 'item', '2019-11-28 02:34:14', '2019-11-28 02:34:14'),
(699, 55, 343, 'pass', '', '3x3', 5, 0, 3, 3, 'item', '2019-11-28 02:34:14', '2019-11-28 02:34:14'),
(700, 55, 344, 'pass', '', '2x5', 8, 0, 2, 5, 'item', '2019-11-28 02:34:14', '2019-11-28 02:34:14'),
(701, 55, 343, 'pass', '', '3x3', 0, 3, 3, 3, 'item', '2019-11-28 02:34:14', '2019-11-28 02:34:14'),
(702, 55, 346, 'pass', '', '5x2', 3, 5, 5, 2, 'item', '2019-11-28 02:34:14', '2019-11-28 02:34:14'),
(703, 55, 347, 'pass', '', '2x5', 8, 5, 2, 5, 'item', '2019-11-28 02:34:14', '2019-11-28 02:34:14'),
(704, 55, 346, 'pass', '', '5x2', 0, 7, 5, 2, 'item', '2019-11-28 02:34:14', '2019-11-28 02:34:14'),
(705, 55, 345, 'pass', '', '3x3', 5, 7, 3, 3, 'item', '2019-11-28 02:34:14', '2019-11-28 02:34:14'),
(706, 55, 345, 'pass', '', '3x3', 0, 9, 3, 3, 'item', '2019-11-28 02:34:14', '2019-11-28 02:34:14'),
(707, 55, 346, 'pass', '', '5x2', 3, 10, 5, 2, 'item', '2019-11-28 02:34:14', '2019-11-28 02:34:14'),
(708, 55, 345, 'pass', '', '3x3', 0, 12, 3, 3, 'item', '2019-11-28 02:34:14', '2019-11-28 02:34:14'),
(709, 55, 348, 'pass', '', '2x2', 5, 3, 2, 2, 'item', '2019-11-28 02:34:14', '2019-11-28 02:34:14'),
(710, 55, 349, 'pass', '', '3x3', 3, 12, 3, 3, 'item', '2019-11-28 02:34:14', '2019-11-28 02:34:14'),
(711, 55, 350, 'pass', '', '1x1', 7, 3, 1, 1, 'item', '2019-11-28 02:34:14', '2019-11-28 02:34:14'),
(712, 55, 349, 'pass', '', '3x3', 6, 12, 3, 3, 'item', '2019-11-28 02:34:14', '2019-11-28 02:34:14'),
(713, 56, 352, 'pass', '', '2x2', 0, 0, 2, 2, 'item', '2019-11-28 02:34:14', '2019-11-28 02:34:14'),
(714, 56, 351, 'pass', '', '4x4', 2, 0, 4, 4, 'item', '2019-11-28 02:34:14', '2019-11-28 02:34:14'),
(715, 56, 351, 'pass', '', '4x4', 6, 0, 4, 4, 'item', '2019-11-28 02:34:14', '2019-11-28 02:34:14'),
(716, 56, 353, 'pass', '', '3x3', 0, 4, 3, 3, 'item', '2019-11-28 02:34:14', '2019-11-28 02:34:14'),
(717, 56, 352, 'pass', '', '2x2', 0, 2, 2, 2, 'item', '2019-11-28 02:34:14', '2019-11-28 02:34:14'),
(718, 56, 353, 'pass', '', '3x3', 3, 4, 3, 3, 'item', '2019-11-28 02:34:14', '2019-11-28 02:34:14'),
(719, 56, 353, 'pass', '', '3x3', 6, 4, 3, 3, 'item', '2019-11-28 02:34:14', '2019-11-28 02:34:14'),
(720, 57, 355, 'pass', '', '2x5', 0, 0, 2, 5, 'item', '2019-11-28 02:34:14', '2019-11-28 02:34:14'),
(721, 57, 354, 'pass', '', '5x2', 2, 0, 5, 2, 'item', '2019-11-28 02:34:14', '2019-11-28 02:34:14'),
(722, 57, 355, 'pass', '', '2x5', 7, 0, 2, 5, 'item', '2019-11-28 02:34:14', '2019-11-28 02:34:14'),
(723, 57, 355, 'pass', '', '2x5', 2, 2, 2, 5, 'item', '2019-11-28 02:34:14', '2019-11-28 02:34:14'),
(724, 57, 356, 'pass', '', '4x4', 4, 5, 4, 4, 'item', '2019-11-28 02:34:14', '2019-11-28 02:34:14'),
(725, 57, 354, 'pass', '', '5x2', 0, 9, 5, 2, 'item', '2019-11-28 02:34:14', '2019-11-28 02:34:14'),
(726, 57, 357, 'pass', '', '3x3', 4, 2, 3, 3, 'item', '2019-11-28 02:34:14', '2019-11-28 02:34:14'),
(727, 57, 357, 'pass', '', '3x3', 5, 9, 3, 3, 'item', '2019-11-28 02:34:14', '2019-11-28 02:34:14'),
(728, 57, 358, 'pass', '', '4x4', 0, 11, 4, 4, 'item', '2019-11-28 02:34:14', '2019-11-28 02:34:14'),
(729, 57, 357, 'pass', '', '3x3', 4, 12, 3, 3, 'item', '2019-11-28 02:34:14', '2019-11-28 02:34:14'),
(730, 57, 378, 'pass', '', '2x2', 0, 5, 2, 2, 'item', '2019-11-28 02:34:14', '2019-11-28 02:34:14'),
(731, 57, 378, 'pass', '', '2x2', 0, 7, 2, 2, 'item', '2019-11-28 02:34:14', '2019-11-28 02:34:14'),
(732, 57, 384, 'pass', '', '2x2', 2, 7, 2, 2, 'item', '2019-11-28 02:34:14', '2019-11-28 02:34:14'),
(733, 58, 360, 'pass', '', '5x2', 0, 0, 5, 2, 'item', '2019-11-28 02:34:14', '2019-11-28 02:34:14'),
(734, 58, 359, 'pass', '', '2x2', 5, 0, 2, 2, 'item', '2019-11-28 02:34:14', '2019-11-28 02:34:14'),
(735, 58, 359, 'pass', '', '2x2', 7, 0, 2, 2, 'item', '2019-11-28 02:34:14', '2019-11-28 02:34:14'),
(736, 58, 359, 'pass', '', '2x2', 0, 2, 2, 2, 'item', '2019-11-28 02:34:14', '2019-11-28 02:34:14'),
(737, 58, 360, 'pass', '', '5x2', 2, 2, 5, 2, 'item', '2019-11-28 02:34:14', '2019-11-28 02:34:14'),
(738, 58, 362, 'pass', '', '3x3', 7, 2, 3, 3, 'item', '2019-11-28 02:34:14', '2019-11-28 02:34:14'),
(739, 58, 361, 'pass', '', '4x4', 0, 4, 4, 4, 'item', '2019-11-28 02:34:14', '2019-11-28 02:34:14'),
(740, 58, 361, 'pass', '', '4x4', 4, 5, 4, 4, 'item', '2019-11-28 02:34:14', '2019-11-28 02:34:14'),
(741, 58, 363, 'pass', '', '1x1', 9, 0, 1, 1, 'item', '2019-11-28 02:34:14', '2019-11-28 02:34:14'),
(742, 58, 364, 'pass', '', '5x2', 0, 9, 5, 2, 'item', '2019-11-28 02:34:14', '2019-11-28 02:34:14'),
(743, 58, 365, 'pass', '', '2x5', 8, 5, 2, 5, 'item', '2019-11-28 02:34:14', '2019-11-28 02:34:14'),
(744, 58, 365, 'pass', '', '2x5', 5, 9, 2, 5, 'item', '2019-11-28 02:34:14', '2019-11-28 02:34:14'),
(745, 58, 365, 'pass', '', '2x5', 7, 10, 2, 5, 'item', '2019-11-28 02:34:14', '2019-11-28 02:34:14'),
(746, 59, 367, 'pass', '', '4x4', 0, 0, 4, 4, 'item', '2019-11-28 02:34:14', '2019-11-28 02:34:14'),
(747, 59, 367, 'pass', '', '4x4', 4, 0, 4, 4, 'item', '2019-11-28 02:34:14', '2019-11-28 02:34:14'),
(748, 59, 366, 'pass', '', '2x5', 8, 0, 2, 5, 'item', '2019-11-28 02:34:14', '2019-11-28 02:34:14'),
(749, 59, 366, 'pass', '', '2x5', 0, 4, 2, 5, 'item', '2019-11-28 02:34:14', '2019-11-28 02:34:14'),
(750, 59, 366, 'pass', '', '2x5', 2, 4, 2, 5, 'item', '2019-11-28 02:34:14', '2019-11-28 02:34:14'),
(751, 59, 369, 'pass', '', '5x2', 4, 5, 5, 2, 'item', '2019-11-28 02:34:14', '2019-11-28 02:34:14'),
(752, 59, 369, 'pass', '', '5x2', 4, 7, 5, 2, 'item', '2019-11-28 02:34:14', '2019-11-28 02:34:14'),
(753, 59, 369, 'pass', '', '5x2', 0, 9, 5, 2, 'item', '2019-11-28 02:34:14', '2019-11-28 02:34:14'),
(754, 59, 368, 'pass', '', '2x2', 5, 9, 2, 2, 'item', '2019-11-28 02:34:14', '2019-11-28 02:34:14'),
(755, 59, 368, 'pass', '', '2x2', 7, 9, 2, 2, 'item', '2019-11-28 02:34:14', '2019-11-28 02:34:14'),
(756, 59, 368, 'pass', '', '2x2', 0, 11, 2, 2, 'item', '2019-11-28 02:34:14', '2019-11-28 02:34:14'),
(757, 60, 370, 'pass', '', '1x1', 0, 0, 1, 1, 'item', '2019-11-28 02:34:14', '2019-11-28 02:34:14'),
(758, 60, 371, 'pass', '', '2x5', 1, 0, 2, 5, 'item', '2019-11-28 02:34:14', '2019-11-28 02:34:14'),
(759, 60, 371, 'pass', '', '2x5', 3, 0, 2, 5, 'item', '2019-11-28 02:34:14', '2019-11-28 02:34:14'),
(760, 60, 370, 'pass', '', '1x1', 5, 0, 1, 1, 'item', '2019-11-28 02:34:14', '2019-11-28 02:34:14'),
(761, 60, 371, 'pass', '', '2x5', 6, 0, 2, 5, 'item', '2019-11-28 02:34:14', '2019-11-28 02:34:14'),
(762, 60, 372, 'pass', '', '3x3', 0, 5, 3, 3, 'item', '2019-11-28 02:34:14', '2019-11-28 02:34:14'),
(763, 60, 373, 'pass', '', '1x1', 8, 0, 1, 1, 'item', '2019-11-28 02:34:14', '2019-11-28 02:34:14'),
(764, 60, 374, 'pass', '', '2x5', 8, 1, 2, 5, 'item', '2019-11-28 02:34:14', '2019-11-28 02:34:14'),
(765, 60, 373, 'pass', '', '1x1', 9, 0, 1, 1, 'item', '2019-11-28 02:34:14', '2019-11-28 02:34:14'),
(766, 60, 374, 'pass', '', '2x5', 3, 5, 2, 5, 'item', '2019-11-28 02:34:14', '2019-11-28 02:34:14'),
(767, 60, 376, 'pass', '', '4x4', 5, 6, 4, 4, 'item', '2019-11-28 02:34:14', '2019-11-28 02:34:14'),
(768, 60, 376, 'pass', '', '4x4', 0, 10, 4, 4, 'item', '2019-11-28 02:34:14', '2019-11-28 02:34:14'),
(769, 60, 375, 'pass', '', '2x5', 4, 10, 2, 5, 'item', '2019-11-28 02:34:14', '2019-11-28 02:34:14'),
(770, 60, 377, 'pass', '', '2x2', 0, 8, 2, 2, 'item', '2019-11-28 02:34:14', '2019-11-28 02:34:14'),
(771, 61, 381, 'pass', '', '1x1', 0, 0, 1, 1, 'item', '2019-11-28 02:34:14', '2019-11-28 02:34:14'),
(772, 61, 380, 'pass', '', '4x4', 1, 0, 4, 4, 'item', '2019-11-28 02:34:14', '2019-11-28 02:34:14'),
(773, 61, 379, 'pass', '', '2x5', 5, 0, 2, 5, 'item', '2019-11-28 02:34:14', '2019-11-28 02:34:14'),
(774, 61, 381, 'pass', '', '1x1', 7, 0, 1, 1, 'item', '2019-11-28 02:34:14', '2019-11-28 02:34:14'),
(775, 61, 380, 'pass', '', '4x4', 0, 4, 4, 4, 'item', '2019-11-28 02:34:14', '2019-11-28 02:34:14'),
(776, 61, 382, 'pass', '', '4x4', 4, 5, 4, 4, 'item', '2019-11-28 02:34:14', '2019-11-28 02:34:14'),
(777, 61, 382, 'pass', '', '4x4', 0, 8, 4, 4, 'item', '2019-11-28 02:34:14', '2019-11-28 02:34:14'),
(778, 62, 383, 'pass', '', '4x4', 0, 0, 4, 4, 'item', '2019-11-28 02:34:14', '2019-11-28 02:34:14'),
(779, 62, 383, 'pass', '', '4x4', 4, 0, 4, 4, 'item', '2019-11-28 02:34:14', '2019-11-28 02:34:14'),
(780, 62, 383, 'pass', '', '4x4', 0, 4, 4, 4, 'item', '2019-11-28 02:34:14', '2019-11-28 02:34:14'),
(781, 62, 387, 'pass', '', '1x1', 8, 0, 1, 1, 'item', '2019-11-28 02:34:14', '2019-11-28 02:34:14'),
(782, 62, 386, 'pass', '', '4x4', 4, 4, 4, 4, 'item', '2019-11-28 02:34:14', '2019-11-28 02:34:14'),
(783, 62, 388, 'pass', '', '3x3', 0, 8, 3, 3, 'item', '2019-11-28 02:34:14', '2019-11-28 02:34:14'),
(784, 62, 385, 'pass', '', '2x2', 8, 1, 2, 2, 'item', '2019-11-28 02:34:14', '2019-11-28 02:34:14'),
(785, 62, 388, 'pass', '', '3x3', 3, 8, 3, 3, 'item', '2019-11-28 02:34:14', '2019-11-28 02:34:14'),
(786, 62, 387, 'pass', '', '1x1', 9, 0, 1, 1, 'item', '2019-11-28 02:34:14', '2019-11-28 02:34:14'),
(787, 62, 386, 'pass', '', '4x4', 6, 8, 4, 4, 'item', '2019-11-28 02:34:14', '2019-11-28 02:34:14'),
(788, 62, 387, 'pass', '', '1x1', 8, 3, 1, 1, 'item', '2019-11-28 02:34:14', '2019-11-28 02:34:14'),
(789, 62, 385, 'pass', '', '2x2', 8, 4, 2, 2, 'item', '2019-11-28 02:34:14', '2019-11-28 02:34:14'),
(790, 63, 390, 'pass', '', '2x5', 0, 0, 2, 5, 'item', '2019-11-28 02:34:14', '2019-11-28 02:34:14'),
(791, 63, 389, 'pass', '', '5x2', 2, 0, 5, 2, 'item', '2019-11-28 02:34:14', '2019-11-28 02:34:14'),
(792, 63, 389, 'pass', '', '5x2', 2, 2, 5, 2, 'item', '2019-11-28 02:34:14', '2019-11-28 02:34:14'),
(793, 63, 390, 'pass', '', '2x5', 7, 0, 2, 5, 'item', '2019-11-28 02:34:14', '2019-11-28 02:34:14'),
(794, 63, 389, 'pass', '', '5x2', 2, 4, 5, 2, 'item', '2019-11-28 02:34:14', '2019-11-28 02:34:14'),
(795, 63, 391, 'pass', '', '3x3', 7, 5, 3, 3, 'item', '2019-11-28 02:34:14', '2019-11-28 02:34:14'),
(796, 63, 390, 'pass', '', '2x5', 0, 5, 2, 5, 'item', '2019-11-28 02:34:14', '2019-11-28 02:34:14'),
(797, 63, 392, 'pass', '', '4x4', 2, 6, 4, 4, 'item', '2019-11-28 02:34:14', '2019-11-28 02:34:14'),
(798, 63, 395, 'pass', '', '2x2', 6, 8, 2, 2, 'item', '2019-11-28 02:34:14', '2019-11-28 02:34:14'),
(799, 63, 395, 'pass', '', '2x2', 8, 8, 2, 2, 'item', '2019-11-28 02:34:14', '2019-11-28 02:34:14'),
(800, 63, 393, 'pass', '', '2x5', 0, 10, 2, 5, 'item', '2019-11-28 02:34:14', '2019-11-28 02:34:14'),
(801, 63, 394, 'pass', '', '5x2', 2, 10, 5, 2, 'item', '2019-11-28 02:34:14', '2019-11-28 02:34:14'),
(802, 64, 397, 'pass', '', '4x4', 0, 0, 4, 4, 'item', '2019-11-28 02:34:14', '2019-11-28 02:34:14'),
(803, 64, 397, 'pass', '', '4x4', 4, 0, 4, 4, 'item', '2019-11-28 02:34:14', '2019-11-28 02:34:14'),
(804, 64, 396, 'pass', '', '1x1', 8, 0, 1, 1, 'item', '2019-11-28 02:34:14', '2019-11-28 02:34:14'),
(805, 64, 396, 'pass', '', '1x1', 9, 0, 1, 1, 'item', '2019-11-28 02:34:14', '2019-11-28 02:34:14'),
(806, 64, 397, 'pass', '', '4x4', 0, 4, 4, 4, 'item', '2019-11-28 02:34:14', '2019-11-28 02:34:14'),
(807, 64, 396, 'pass', '', '1x1', 8, 1, 1, 1, 'item', '2019-11-28 02:34:14', '2019-11-28 02:34:14'),
(808, 64, 399, 'pass', '', '4x4', 4, 4, 4, 4, 'item', '2019-11-28 02:34:14', '2019-11-28 02:34:14'),
(809, 64, 399, 'pass', '', '4x4', 0, 8, 4, 4, 'item', '2019-11-28 02:34:14', '2019-11-28 02:34:14'),
(810, 64, 398, 'pass', '', '3x3', 4, 8, 3, 3, 'item', '2019-11-28 02:34:14', '2019-11-28 02:34:14'),
(811, 64, 414, 'pass', '', '2x2', 0, 12, 2, 2, 'item', '2019-11-28 02:34:14', '2019-11-28 02:34:14'),
(812, 64, 414, 'pass', '', '2x2', 2, 12, 2, 2, 'item', '2019-11-28 02:34:14', '2019-11-28 02:34:14'),
(813, 64, 414, 'pass', '', '2x2', 8, 13, 2, 2, 'item', '2019-11-28 02:34:14', '2019-11-28 02:34:14'),
(814, 65, 401, 'pass', '', '2x2', 0, 0, 2, 2, 'item', '2019-11-28 02:34:14', '2019-11-28 02:34:14'),
(815, 65, 401, 'pass', '', '2x2', 2, 0, 2, 2, 'item', '2019-11-28 02:34:14', '2019-11-28 02:34:14'),
(816, 65, 402, 'pass', '', '3x3', 4, 0, 3, 3, 'item', '2019-11-28 02:34:14', '2019-11-28 02:34:14'),
(817, 65, 403, 'pass', '', '1x1', 7, 0, 1, 1, 'item', '2019-11-28 02:34:14', '2019-11-28 02:34:14'),
(818, 65, 400, 'pass', '', '4x4', 0, 2, 4, 4, 'item', '2019-11-28 02:34:14', '2019-11-28 02:34:14'),
(819, 65, 400, 'pass', '', '4x4', 4, 3, 4, 4, 'item', '2019-11-28 02:34:14', '2019-11-28 02:34:14'),
(820, 65, 403, 'pass', '', '1x1', 8, 0, 1, 1, 'item', '2019-11-28 02:34:14', '2019-11-28 02:34:14'),
(821, 65, 405, 'pass', '', '1x1', 9, 0, 1, 1, 'item', '2019-11-28 02:34:14', '2019-11-28 02:34:14'),
(822, 65, 404, 'pass', '', '5x2', 0, 7, 5, 2, 'item', '2019-11-28 02:34:14', '2019-11-28 02:34:14'),
(823, 65, 409, 'pass', '', '1x1', 7, 1, 1, 1, 'item', '2019-11-28 02:34:14', '2019-11-28 02:34:14'),
(824, 65, 408, 'pass', '', '4x4', 5, 7, 4, 4, 'item', '2019-11-28 02:34:14', '2019-11-28 02:34:14'),
(825, 65, 406, 'pass', '', '2x5', 8, 1, 2, 5, 'item', '2019-11-28 02:34:14', '2019-11-28 02:34:14'),
(826, 65, 407, 'pass', '', '3x3', 0, 9, 3, 3, 'item', '2019-11-28 02:34:14', '2019-11-28 02:34:14'),
(827, 65, 407, 'pass', '', '3x3', 3, 11, 3, 3, 'item', '2019-11-28 02:34:14', '2019-11-28 02:34:14'),
(828, 66, 411, 'pass', '', '1x1', 0, 0, 1, 1, 'item', '2019-11-28 02:34:14', '2019-11-28 02:34:14'),
(829, 66, 410, 'pass', '', '4x4', 1, 0, 4, 4, 'item', '2019-11-28 02:34:14', '2019-11-28 02:34:14'),
(830, 66, 410, 'pass', '', '4x4', 5, 0, 4, 4, 'item', '2019-11-28 02:34:14', '2019-11-28 02:34:14'),
(831, 66, 411, 'pass', '', '1x1', 9, 0, 1, 1, 'item', '2019-11-28 02:34:14', '2019-11-28 02:34:14'),
(832, 66, 413, 'pass', '', '2x2', 0, 4, 2, 2, 'item', '2019-11-28 02:34:14', '2019-11-28 02:34:14'),
(833, 66, 412, 'pass', '', '2x5', 2, 4, 2, 5, 'item', '2019-11-28 02:34:14', '2019-11-28 02:34:14'),
(834, 66, 418, 'pass', '', '1x1', 0, 1, 1, 1, 'item', '2019-11-28 02:34:14', '2019-11-28 02:34:14'),
(835, 66, 417, 'pass', '', '3x3', 4, 4, 3, 3, 'item', '2019-11-28 02:34:14', '2019-11-28 02:34:14'),
(836, 66, 418, 'pass', '', '1x1', 9, 1, 1, 1, 'item', '2019-11-28 02:34:14', '2019-11-28 02:34:14'),
(837, 66, 417, 'pass', '', '3x3', 7, 4, 3, 3, 'item', '2019-11-28 02:34:14', '2019-11-28 02:34:14'),
(838, 66, 416, 'pass', '', '5x2', 4, 7, 5, 2, 'item', '2019-11-28 02:34:14', '2019-11-28 02:34:14'),
(839, 66, 416, 'pass', '', '5x2', 0, 9, 5, 2, 'item', '2019-11-28 02:34:14', '2019-11-28 02:34:14'),
(840, 66, 422, 'pass', '', '1x1', 0, 2, 1, 1, 'item', '2019-11-28 02:34:14', '2019-11-28 02:34:14'),
(841, 66, 421, 'pass', '', '2x2', 0, 6, 2, 2, 'item', '2019-11-28 02:34:14', '2019-11-28 02:34:14'),
(842, 66, 422, 'pass', '', '1x1', 9, 2, 1, 1, 'item', '2019-11-28 02:34:14', '2019-11-28 02:34:14'),
(843, 66, 422, 'pass', '', '1x1', 0, 3, 1, 1, 'item', '2019-11-28 02:34:14', '2019-11-28 02:34:14'),
(844, 66, 421, 'pass', '', '2x2', 0, 11, 2, 2, 'item', '2019-11-28 02:34:14', '2019-11-28 02:34:14'),
(845, 66, 421, 'pass', '', '2x2', 2, 11, 2, 2, 'item', '2019-11-28 02:34:14', '2019-11-28 02:34:14'),
(846, 67, 419, 'pass', '', '2x5', 0, 0, 2, 5, 'item', '2019-11-28 02:34:14', '2019-11-28 02:34:14'),
(847, 67, 419, 'pass', '', '2x5', 2, 0, 2, 5, 'item', '2019-11-28 02:34:14', '2019-11-28 02:34:14'),
(848, 67, 419, 'pass', '', '2x5', 4, 0, 2, 5, 'item', '2019-11-28 02:34:14', '2019-11-28 02:34:14'),
(849, 67, 424, 'pass', '', '5x2', 0, 5, 5, 2, 'item', '2019-11-28 02:34:14', '2019-11-28 02:34:14'),
(850, 67, 423, 'pass', '', '4x4', 6, 0, 4, 4, 'item', '2019-11-28 02:34:14', '2019-11-28 02:34:14'),
(851, 67, 425, 'pass', '', '2x5', 6, 4, 2, 5, 'item', '2019-11-28 02:34:14', '2019-11-28 02:34:14'),
(852, 67, 424, 'pass', '', '5x2', 0, 7, 5, 2, 'item', '2019-11-28 02:34:14', '2019-11-28 02:34:14'),
(853, 67, 423, 'pass', '', '4x4', 0, 9, 4, 4, 'item', '2019-11-28 02:34:14', '2019-11-28 02:34:14'),
(854, 68, 426, 'pass', '', '2x2', 0, 0, 2, 2, 'item', '2019-11-28 02:34:14', '2019-11-28 02:34:14'),
(855, 68, 426, 'pass', '', '2x2', 2, 0, 2, 2, 'item', '2019-11-28 02:34:14', '2019-11-28 02:34:14'),
(856, 68, 427, 'pass', '', '2x5', 4, 0, 2, 5, 'item', '2019-11-28 02:34:14', '2019-11-28 02:34:14'),
(857, 68, 427, 'pass', '', '2x5', 6, 0, 2, 5, 'item', '2019-11-28 02:34:14', '2019-11-28 02:34:14'),
(858, 68, 426, 'pass', '', '2x2', 8, 0, 2, 2, 'item', '2019-11-28 02:34:14', '2019-11-28 02:34:14'),
(859, 68, 428, 'pass', '', '5x2', 0, 5, 5, 2, 'item', '2019-11-28 02:34:14', '2019-11-28 02:34:14'),
(860, 68, 427, 'pass', '', '2x5', 8, 2, 2, 5, 'item', '2019-11-28 02:34:14', '2019-11-28 02:34:14'),
(861, 68, 428, 'pass', '', '5x2', 0, 7, 5, 2, 'item', '2019-11-28 02:34:14', '2019-11-28 02:34:14'),
(862, 68, 428, 'pass', '', '5x2', 5, 7, 5, 2, 'item', '2019-11-28 02:34:14', '2019-11-28 02:34:14'),
(863, 68, 429, 'pass', '', '2x2', 0, 2, 2, 2, 'item', '2019-11-28 02:34:14', '2019-11-28 02:34:14'),
(864, 68, 430, 'pass', '', '2x5', 0, 9, 2, 5, 'item', '2019-11-28 02:34:14', '2019-11-28 02:34:14'),
(865, 68, 429, 'pass', '', '2x2', 2, 2, 2, 2, 'item', '2019-11-28 02:34:14', '2019-11-28 02:34:14'),
(866, 68, 429, 'pass', '', '2x2', 5, 5, 2, 2, 'item', '2019-11-28 02:34:14', '2019-11-28 02:34:14'),
(867, 68, 432, 'pass', '', '5x2', 2, 9, 5, 2, 'item', '2019-11-28 02:34:14', '2019-11-28 02:34:14'),
(868, 68, 432, 'pass', '', '5x2', 2, 11, 5, 2, 'item', '2019-11-28 02:34:14', '2019-11-28 02:34:14'),
(869, 68, 432, 'pass', '', '5x2', 2, 13, 5, 2, 'item', '2019-11-28 02:34:14', '2019-11-28 02:34:14'),
(870, 68, 431, 'pass', '', '2x5', 7, 9, 2, 5, 'item', '2019-11-28 02:34:14', '2019-11-28 02:34:14');

-- --------------------------------------------------------

--
-- Table structure for table `products`
--

CREATE TABLE `products` (
  `product_id` bigint(20) UNSIGNED NOT NULL,
  `title` varchar(100) COLLATE utf8_unicode_ci NOT NULL DEFAULT '',
  `vendor` varchar(50) COLLATE utf8_unicode_ci DEFAULT NULL,
  `type` varchar(25) COLLATE utf8_unicode_ci DEFAULT NULL,
  `size` varchar(20) COLLATE utf8_unicode_ci DEFAULT NULL,
  `price` float DEFAULT '0',
  `handle` varchar(75) COLLATE utf8_unicode_ci DEFAULT NULL,
  `inventory_quantity` int(11) NOT NULL DEFAULT '0',
  `sku` varchar(30) COLLATE utf8_unicode_ci DEFAULT NULL,
  `design_url` varchar(255) COLLATE utf8_unicode_ci DEFAULT NULL,
  `published_state` enum('inactive','active') COLLATE utf8_unicode_ci NOT NULL DEFAULT 'active',
  `created_at` timestamp NULL DEFAULT CURRENT_TIMESTAMP,
  `updated_at` timestamp NOT NULL DEFAULT CURRENT_TIMESTAMP ON UPDATE CURRENT_TIMESTAMP
) ENGINE=InnoDB DEFAULT CHARSET=utf8 COLLATE=utf8_unicode_ci;

--
-- Dumping data for table `products`
--

INSERT INTO `products` (`product_id`, `title`, `vendor`, `type`, `size`, `price`, `handle`, `inventory_quantity`, `sku`, `design_url`, `published_state`, `created_at`, `updated_at`) VALUES
(1, 'Major Tom', 'inkbox', 'Product', '5x2', 27, 'majortom', 999, 'NBV3663', 'http://d2d11z2jyoa884.cloudfront.net/product_images/major-tom-1_lifestyle_1_20191125032516_500.png', 'active', '2019-11-26 05:25:47', '2019-11-26 05:25:47'),
(2, 'Geimfari', 'inkbox', 'Product', '3x3', 29.99, 'geimfari', 999, 'QSC51', 'http://d2d11z2jyoa884.cloudfront.net/product_images/geimfari_lifestyle_1_20191124013004_500.png', 'active', '2019-11-24 07:19:20', '2019-11-26 05:25:55'),
(3, 'Skobo', 'inkbox', 'Product', '4x4', 27, 'skobo', 999, 'QSD6', 'http://d2d11z2jyoa884.cloudfront.net/product_images/skobo_lifestyle_1_20191125101517_500.png', 'active', '2019-11-26 05:22:54', '2019-11-26 05:22:54'),
(4, 'Bebo', 'inkbox', 'Product', '1x1', 19, 'bebo', 999, 'QSA38', 'http://d2d11z2jyoa884.cloudfront.net/product_images/bebo_lifestyle_1_20191126120004_500.png', 'active', '2019-11-26 05:23:59', '2019-11-26 05:23:59'),
(5, 'Michelangelo', 'inkbox', 'Product', '2x5', 27, 'michelangelo', 999, 'NB13247', 'http://d2d11z2jyoa884.cloudfront.net/new_designs/angelo_r_-_michelangelo_-_4x4.jpg', 'active', '2019-11-26 05:28:07', '2019-11-26 05:28:07'),
(6, 'Project Semicolon', 'inkbox', 'Product', '2x2', 22, 'projectsemicolon', 999, 'NBV35718', 'http://d2d11z2jyoa884.cloudfront.net/product_images/project-semicolon-1_lifestyle_1_20191125064507_500.png', 'active', '2019-11-26 05:28:55', '2019-11-26 05:28:55');

-- --------------------------------------------------------

--
-- Table structure for table `users`
--

CREATE TABLE `users` (
  `id` bigint(20) UNSIGNED NOT NULL,
  `name` varchar(255) COLLATE utf8mb4_unicode_ci NOT NULL,
  `email` varchar(255) COLLATE utf8mb4_unicode_ci NOT NULL,
  `email_verified_at` timestamp NULL DEFAULT NULL,
  `password` varchar(255) COLLATE utf8mb4_unicode_ci NOT NULL,
  `remember_token` varchar(100) COLLATE utf8mb4_unicode_ci DEFAULT NULL,
  `created_at` timestamp NULL DEFAULT NULL,
  `updated_at` timestamp NULL DEFAULT NULL
) ENGINE=InnoDB DEFAULT CHARSET=utf8mb4 COLLATE=utf8mb4_unicode_ci;

--
-- Indexes for dumped tables
--

--
-- Indexes for table `migrations`
--
ALTER TABLE `migrations`
  ADD PRIMARY KEY (`id`);

--
-- Indexes for table `orders`
--
ALTER TABLE `orders`
  ADD PRIMARY KEY (`order_id`),
  ADD KEY `order_number` (`order_number`),
  ADD KEY `customer_id` (`customer_id`),
  ADD KEY `fulfillment_status` (`fulfillment_status`),
  ADD KEY `created_at` (`created_at`),
  ADD KEY `updated_at` (`updated_at`);

--
-- Indexes for table `orders.backup`
--
ALTER TABLE `orders.backup`
  ADD PRIMARY KEY (`order_id`),
  ADD KEY `order_number` (`order_number`),
  ADD KEY `customer_id` (`customer_id`),
  ADD KEY `fulfillment_status` (`fulfillment_status`),
  ADD KEY `created_at` (`created_at`),
  ADD KEY `updated_at` (`updated_at`);

--
-- Indexes for table `orders_items`
--
ALTER TABLE `orders_items`
  ADD PRIMARY KEY (`order_item_id`),
  ADD UNIQUE KEY `order_product` (`order_id`,`product_id`),
  ADD KEY `product_id` (`product_id`),
  ADD KEY `refunded` (`refund`),
  ADD KEY `created_at` (`created_at`),
  ADD KEY `updated_at` (`updated_at`);

--
-- Indexes for table `orders_items.backup`
--
ALTER TABLE `orders_items.backup`
  ADD PRIMARY KEY (`order_item_id`),
  ADD UNIQUE KEY `order_product` (`order_id`,`product_id`),
  ADD KEY `product_id` (`product_id`),
  ADD KEY `refunded` (`refund`),
  ADD KEY `created_at` (`created_at`),
  ADD KEY `updated_at` (`updated_at`);

--
-- Indexes for table `print_sheet`
--
ALTER TABLE `print_sheet`
  ADD PRIMARY KEY (`ps_id`);

--
-- Indexes for table `print_sheet_item`
--
ALTER TABLE `print_sheet_item`
  ADD PRIMARY KEY (`psi_id`),
  ADD KEY `ps_id` (`ps_id`),
  ADD KEY `status` (`status`);

--
-- Indexes for table `products`
--
ALTER TABLE `products`
  ADD PRIMARY KEY (`product_id`),
  ADD KEY `title` (`title`),
  ADD KEY `vendor` (`vendor`),
  ADD KEY `type` (`type`),
  ADD KEY `sku` (`sku`),
  ADD KEY `size` (`size`),
  ADD KEY `published_state` (`published_state`),
  ADD KEY `created_at` (`created_at`),
  ADD KEY `updated_at` (`updated_at`);

--
-- Indexes for table `users`
--
ALTER TABLE `users`
  ADD PRIMARY KEY (`id`);

--
-- AUTO_INCREMENT for dumped tables
--

--
-- AUTO_INCREMENT for table `migrations`
--
ALTER TABLE `migrations`
  MODIFY `id` int(10) UNSIGNED NOT NULL AUTO_INCREMENT;

--
-- AUTO_INCREMENT for table `orders`
--
ALTER TABLE `orders`
  MODIFY `order_id` bigint(20) UNSIGNED NOT NULL AUTO_INCREMENT, AUTO_INCREMENT=201;

--
-- AUTO_INCREMENT for table `orders.backup`
--
ALTER TABLE `orders.backup`
  MODIFY `order_id` bigint(20) UNSIGNED NOT NULL AUTO_INCREMENT, AUTO_INCREMENT=23;

--
-- AUTO_INCREMENT for table `orders_items`
--
ALTER TABLE `orders_items`
  MODIFY `order_item_id` bigint(11) UNSIGNED NOT NULL AUTO_INCREMENT, AUTO_INCREMENT=433;

--
-- AUTO_INCREMENT for table `orders_items.backup`
--
ALTER TABLE `orders_items.backup`
  MODIFY `order_item_id` bigint(11) UNSIGNED NOT NULL AUTO_INCREMENT, AUTO_INCREMENT=35;

--
-- AUTO_INCREMENT for table `print_sheet`
--
ALTER TABLE `print_sheet`
  MODIFY `ps_id` int(10) UNSIGNED NOT NULL AUTO_INCREMENT, AUTO_INCREMENT=69;

--
-- AUTO_INCREMENT for table `print_sheet_item`
--
ALTER TABLE `print_sheet_item`
  MODIFY `psi_id` int(10) UNSIGNED NOT NULL AUTO_INCREMENT, AUTO_INCREMENT=871;

--
-- AUTO_INCREMENT for table `products`
--
ALTER TABLE `products`
  MODIFY `product_id` bigint(20) UNSIGNED NOT NULL AUTO_INCREMENT, AUTO_INCREMENT=7;

--
-- AUTO_INCREMENT for table `users`
--
ALTER TABLE `users`
  MODIFY `id` bigint(20) UNSIGNED NOT NULL AUTO_INCREMENT;

--
-- Constraints for dumped tables
--

--
-- Constraints for table `orders_items`
--
ALTER TABLE `orders_items`
  ADD CONSTRAINT `orders_items_ibfk_1` FOREIGN KEY (`order_id`) REFERENCES `orders` (`order_id`),
  ADD CONSTRAINT `orders_items_ibfk_2` FOREIGN KEY (`product_id`) REFERENCES `products` (`product_id`);
COMMIT;

/*!40101 SET CHARACTER_SET_CLIENT=@OLD_CHARACTER_SET_CLIENT */;
/*!40101 SET CHARACTER_SET_RESULTS=@OLD_CHARACTER_SET_RESULTS */;
/*!40101 SET COLLATION_CONNECTION=@OLD_COLLATION_CONNECTION */;
